RA,DEC,S/N,Z_ALF,Z_CALLUM,Z_APS,Z_LIT,Z_FINAL,Z_FINAL_ERR,FLAG_Z
239.717,26.8817,2.48477,0.0934496,0.0934496,0.0934496,0.0933900,0.0934347,2.97961e-05,3.00000
239.636,26.8414,8.24055,0.166404,0.166404,0.166404,0.166210,0.166356,9.70090e-05,3.00000
239.740,26.8012,1.46091,0.214253,0.214253,0.214253,0.214250,0.214252,1.43727e-06,3.00000
239.679,26.8691,6.42191,0.167140,-999.000,1.60346,0.167290,0.167215,0.000106063,2.00000
239.776,26.5028,7.83785,0.154128,0.154128,0.154128,-888.000,0.154128,1.30332e-07,3.00000
239.733,26.8412,1.12383,0.0873778,0.0873778,0.0873778,0.0873100,0.0873609,3.39001e-05,3.00000
239.746,26.5374,0.380129,0.0862332,0.0858000,0.423318,0.0859100,0.0859811,0.000225174,3.00000
239.685,26.8034,4.63092,0.165915,-999.000,0.165915,0.165880,0.165903,2.02089e-05,3.00000
239.864,26.3993,1.32433,0.343575,0.343575,0.343575,-888.000,0.343575,1.09501e-07,3.00000
239.734,26.7601,2.01670,0.0869948,0.0869948,0.0869948,0.0871600,0.0870361,8.25971e-05,3.00000
239.831,26.6700,2.40366,0.125183,-999.000,1.58708,-888.000,1.58708,0.00000,0.00000
239.659,26.6054,4.26311,0.0842882,0.0842882,0.0842882,-888.000,0.0842882,7.45058e-09,3.00000
239.891,26.3935,0.587107,-999.990,0.468512,0.468512,-888.000,0.468512,1.90828e-07,2.00000
239.805,26.4864,3.72791,-0.000409254,-0.000409254,-0.000409254,-888.000,-0.000409254,2.18763e-10,3.00000
239.738,26.6676,5.26780,0.0861882,-999.000,0.0861882,-888.000,0.0861882,0.00000,2.00000
239.587,26.8178,2.66400,0.123639,0.123639,0.123639,0.123800,0.123679,8.04317e-05,3.00000
239.614,26.6759,8.30965,0.0865511,0.0865511,0.0865511,0.0865600,0.0865533,4.45172e-06,3.00000
239.798,26.6116,5.57559,0.0975193,-999.000,0.0975193,0.0975700,0.0975362,2.92724e-05,3.00000
239.918,26.5297,3.26963,0.154487,-999.000,0.154487,-888.000,0.154487,0.00000,2.00000
239.735,26.5292,4.78454,0.0861335,0.0861335,0.0861335,0.0861300,0.0861326,1.75213e-06,3.00000
239.696,26.6278,5.16757,0.0861387,0.0861387,0.0861387,-888.000,0.0861387,1.74732e-08,3.00000
239.832,26.6072,2.22140,0.155627,-999.000,0.155627,0.155620,0.155625,4.04352e-06,3.00000
239.959,26.3531,2.79229,0.154312,-999.000,1.61627,0.154090,0.154201,0.000156976,2.00000
239.884,26.5905,3.80767,0.286700,0.286700,0.286700,-888.000,0.286700,3.65002e-08,3.00000
239.757,26.7178,2.68082,0.0965652,0.0965652,0.0965652,0.0966000,0.0965739,1.74021e-05,3.00000
239.935,26.4032,3.32074,0.0909050,0.0909050,0.0909050,-888.000,0.0909050,5.26836e-09,3.00000
239.936,26.4615,3.58391,0.208805,0.208805,0.208805,0.208770,0.208796,1.74497e-05,3.00000
239.966,26.4166,4.02824,0.0892034,-999.000,0.0892034,0.0892100,0.0892056,3.81121e-06,3.00000
239.880,26.4901,4.61122,0.217952,0.217952,0.217952,0.217920,0.217944,1.59281e-05,3.00000
239.551,26.7175,3.69088,0.0867013,0.0867013,0.0867013,0.0867000,0.0867010,6.51929e-07,3.00000
239.498,26.7613,5.10585,0.0869838,0.0868000,1.57079,0.0866100,0.0867979,0.000186910,3.00000
239.923,26.4964,6.86946,0.0907735,0.0907735,0.0907735,0.0907200,0.0907601,2.67451e-05,3.00000
239.577,26.4556,0.520324,-999.990,-999.000,0.434468,0.0860600,0.434468,0.00000,0.00000
239.487,26.7496,4.50436,0.227979,0.227979,0.227979,0.227770,0.227927,0.000104557,3.00000
239.532,26.7859,8.61771,0.0622672,-999.000,0.0622672,0.0622400,0.0622581,1.57030e-05,3.00000
239.556,26.7481,9.98760,0.0873903,-999.000,0.0873903,0.0872300,0.0873369,9.25531e-05,3.00000
239.618,26.4327,2.61710,0.215530,-999.000,0.215530,-888.000,0.215530,0.00000,2.00000
239.949,26.1327,-0.652374,-999.990,-999.000,1.53289,-888.000,1.53289,0.00000,0.00000
239.694,26.4142,13.4381,0.0870989,-999.000,0.0870989,0.0870300,0.0870759,3.97768e-05,3.00000
239.906,26.6134,5.73679,0.0499018,0.0499018,0.0499018,-888.000,0.0499018,2.17220e-08,3.00000
239.718,26.4258,3.56763,0.0894852,-999.000,0.0894852,0.0895400,0.0895035,3.16382e-05,3.00000
239.989,26.1336,7.99699,0.154794,-999.000,0.154794,0.154970,0.154853,0.000101621,3.00000
239.903,26.2686,-0.189707,-999.990,-999.000,3.73069,-888.000,3.73069,0.00000,0.00000
239.673,26.4143,2.86193,0.192251,0.192251,0.192251,0.192280,0.192258,1.44595e-05,3.00000
239.584,26.5278,4.40702,0.0882884,-999.000,0.0882884,0.0882900,0.0882889,9.24848e-07,3.00000
239.616,26.6401,5.13382,0.0847336,0.0860000,1.56486,0.0850300,0.0852545,0.000662388,3.00000
239.565,26.6512,4.61857,0.000513794,-99.0000,0.823060,-888.000,0.823060,0.00000,0.00000
239.933,26.2683,2.50893,0.119008,0.119008,0.119008,0.118900,0.118981,5.40692e-05,3.00000
240.063,26.1842,-0.317730,-999.990,-999.000,0.579564,-888.000,0.579564,0.00000,0.00000
239.806,26.4390,6.44573,0.0868285,0.0868285,0.0868285,0.0868800,0.0868414,2.57418e-05,3.00000
239.746,26.4400,3.69986,0.192462,0.192462,0.192462,0.192500,0.192471,1.90290e-05,3.00000
239.716,26.4884,3.55988,0.155907,-999.000,0.552102,0.155960,0.155933,3.74685e-05,2.00000
239.915,26.3383,3.19752,0.154179,0.154179,0.154179,0.154160,0.154174,9.56803e-06,3.00000
239.545,26.7026,6.39172,0.0922526,0.0922000,1.61466,0.0923700,0.0922742,8.70348e-05,3.00000
239.449,26.6332,3.69433,0.0863748,0.0863748,0.0863748,0.0864000,0.0863811,1.26064e-05,3.00000
239.487,26.5773,6.24797,0.0877349,-999.000,0.439101,0.0873200,0.0875275,0.000293379,2.00000
239.493,26.5038,3.39543,0.166334,-999.000,1.59746,-888.000,1.59746,0.00000,0.00000
239.805,26.4621,2.76690,0.0870621,0.0870621,0.0870621,0.0870800,0.0870666,8.94939e-06,3.00000
239.668,26.5593,6.18321,-0.000347370,-0.000347370,-0.000347370,-888.000,-0.000347370,3.56448e-11,3.00000
239.417,26.6089,4.68432,0.0906748,0.0906748,0.0906748,0.0906800,0.0906761,2.60026e-06,3.00000
239.615,26.6164,3.88928,0.0843176,-999.000,0.0843176,0.0843800,0.0843384,3.60259e-05,3.00000
239.752,26.5047,9.28784,0.0876044,0.0876044,0.0876044,0.0874700,0.0875708,6.71931e-05,3.00000
239.689,26.5764,4.42944,0.0872530,-999.000,0.0872530,-888.000,0.0872530,0.00000,2.00000
239.409,26.5471,-0.0217340,-999.990,-999.000,3.72987,-888.000,3.72987,0.00000,0.00000
239.451,26.4213,0.0972537,-999.990,-999.000,0.426303,-888.000,0.426303,0.00000,0.00000
239.368,26.5967,-0.203592,-999.990,-999.000,0.685394,-888.000,0.685394,0.00000,0.00000
239.477,26.5575,3.72357,0.0876032,0.0876032,0.0876032,0.0875700,0.0875949,1.65937e-05,3.00000
240.002,26.0658,9.97042,0.0905795,0.0905795,0.0905795,0.0906300,0.0905921,2.52513e-05,3.00000
239.665,26.3145,3.40759,0.339555,-999.000,0.339555,0.339560,0.339557,2.89067e-06,3.00000
239.870,26.1474,3.15960,0.251721,-999.000,0.251721,0.251720,0.251721,5.67811e-07,3.00000
240.220,25.9411,9.81529,0.0492687,0.0492687,0.0492687,0.0492900,0.0492740,1.06506e-05,3.00000
239.814,26.2342,3.63977,0.175680,-999.000,0.175680,0.175590,0.175650,5.19633e-05,3.00000
240.062,26.1292,5.40127,0.000275818,-999.000,0.000275818,-8.00000e-05,0.000157212,0.000205432,3.00000
240.149,26.1225,1.55183,-999.990,-99.0000,0.555703,-888.000,0.555703,0.00000,0.00000
239.340,26.5793,-0.0148948,-999.990,-999.000,3.75572,-888.000,3.75572,0.00000,0.00000
240.033,26.1604,2.22651,0.167589,0.167589,0.167589,0.167650,0.167604,3.05076e-05,3.00000
239.619,26.3703,1.97786,0.0764797,-999.000,0.0764797,-888.000,0.0764797,0.00000,2.00000
239.748,26.2887,-0.678989,-999.990,-999.000,1.05085,-888.000,1.05085,0.00000,0.00000
239.989,26.1963,4.30521,0.0861728,0.0861728,0.0861728,0.0861300,0.0861621,2.13956e-05,3.00000
239.591,26.4330,5.31473,0.0854812,0.0854812,0.0854812,0.0854500,0.0854734,1.56015e-05,3.00000
239.379,26.4294,6.67037,0.167080,0.167080,0.167080,-888.000,0.167080,6.05288e-08,3.00000
239.309,26.4817,19.8131,0.0720895,0.0720895,0.0720895,0.0721100,0.0720946,1.02495e-05,3.00000
239.330,26.3580,2.44111,0.133749,-999.000,0.133749,-888.000,0.133749,0.00000,2.00000
239.707,26.3753,8.13883,0.0865622,-999.000,0.0865622,-888.000,0.0865622,0.00000,2.00000
239.452,26.5164,5.99473,0.0902192,0.0902192,0.0902192,0.0902300,0.0902219,5.40416e-06,3.00000
239.555,26.2327,6.32795,0.118589,0.118589,0.118589,0.118750,0.118629,8.04961e-05,3.00000
239.678,26.1767,0.206567,-999.990,-999.000,0.0507351,-888.000,0.0507351,0.00000,0.00000
239.316,26.5029,3.62917,0.0849637,-999.000,0.0849637,-888.000,0.0849637,0.00000,2.00000
239.487,26.3071,1.47643,-999.990,-999.000,1.56205,-888.000,1.56205,0.00000,0.00000
239.243,26.4878,7.76555,0.153970,-999.000,0.153970,-888.000,0.153970,0.00000,2.00000
239.529,26.4771,4.65087,0.165653,-999.000,0.165653,-888.000,0.165653,0.00000,2.00000
239.654,26.2537,1.06771,-999.990,-99.0000,1.57270,-888.000,1.57270,0.00000,0.00000
239.338,26.3353,6.81867,0.0921382,-999.000,0.0921382,0.0921200,0.0921321,1.05088e-05,3.00000
239.261,26.3914,-0.0344137,-999.990,-999.000,0.405309,-888.000,0.405309,0.00000,0.00000
239.602,26.3139,2.69502,0.209811,-999.000,0.209811,0.209840,0.209821,1.67418e-05,3.00000
239.708,26.2452,0.187042,-999.990,-999.000,0.0998059,-888.000,0.0998059,0.00000,0.00000
239.478,26.3485,3.26919,0.361251,0.361251,0.361251,-888.000,0.361251,2.10734e-08,3.00000
239.372,26.4132,11.5529,0.0780107,0.0780000,1.56872,0.0777200,0.0779102,0.000164834,3.00000
239.191,26.4020,2.02179,-999.990,-99.0000,0.477011,-888.000,0.477011,0.00000,0.00000
239.207,26.3691,0.384112,-999.990,-999.000,0.555402,-888.000,0.555402,0.00000,0.00000
239.293,26.3492,1.96888,-0.000441599,-99.0000,-0.000441599,-888.000,-0.000441599,0.00000,2.00000
239.289,26.3147,4.42764,0.0885295,0.0885295,0.0885295,0.0884700,0.0885146,2.97539e-05,3.00000
239.342,26.3057,14.9896,0.0847336,0.0850000,1.56543,0.0848400,0.0848579,0.000134097,3.00000
239.284,26.4701,2.62592,0.214162,-999.000,0.214162,-888.000,0.214162,0.00000,2.00000
239.164,26.3493,3.24179,0.0793896,-999.000,0.0793896,-888.000,0.0793896,0.00000,2.00000
239.318,26.4505,-0.0913298,-999.990,-999.000,3.71281,-888.000,3.71281,0.00000,0.00000
239.208,26.2492,0.470512,-999.990,-999.000,0.445597,-888.000,0.445597,0.00000,0.00000
239.271,26.2861,6.21427,0.294549,-999.000,0.294549,-888.000,0.294549,0.00000,2.00000
239.630,26.1663,1.08638,0.224034,-999.000,0.224034,-888.000,0.224034,0.00000,2.00000
239.328,26.2266,4.01624,0.147076,0.147076,0.147076,-888.000,0.147076,7.95504e-08,3.00000
239.401,26.2691,3.58771,0.215144,0.215144,0.215144,0.214980,0.215103,8.19367e-05,3.00000
239.417,26.2828,11.0037,0.0843037,-999.000,0.0843037,-888.000,0.0843037,0.00000,2.00000
239.216,26.1489,2.68622,0.0801023,-999.000,0.0801023,-888.000,0.0801023,0.00000,2.00000
239.146,26.2624,3.49172,0.0765224,-999.000,0.476203,-888.000,0.476203,0.00000,0.00000
239.301,26.2557,1.59553,-999.990,-99.0000,1.61455,-888.000,1.61455,0.00000,0.00000
239.194,26.2856,8.70212,0.0786667,0.0786667,0.0786667,0.0786900,0.0786725,1.16540e-05,3.00000
239.585,26.0301,3.89358,0.119449,0.119449,0.119449,0.119510,0.119464,3.04570e-05,3.00000
239.146,26.2449,11.3816,0.0766746,-999.000,0.0766746,0.0768600,0.0767364,0.000107041,3.00000
239.213,26.3323,5.84900,0.166201,-999.000,0.166201,-888.000,0.166201,0.00000,2.00000
239.144,26.2305,1.13272,0.282119,-999.000,0.282119,-888.000,0.282119,0.00000,2.00000
239.707,26.0490,4.78108,0.0885769,0.0885769,0.0885769,-888.000,0.0885769,1.29048e-08,3.00000
239.135,26.1710,-0.0419022,-999.990,-99.0000,0.423253,-888.000,0.423253,0.00000,0.00000
239.433,26.1737,7.44682,0.147158,0.147000,1.61610,-888.000,0.147079,0.000111721,2.00000
239.370,26.1497,0.926205,0.224117,0.224000,1.51997,-888.000,0.224059,8.27237e-05,2.00000
239.512,26.1765,6.34376,0.147950,0.147400,1.57472,-888.000,0.147675,0.000388899,2.00000
239.870,26.1053,1.11540,0.158305,0.158766,0.158766,0.611100,0.158612,0.000266157,3.00000
239.158,26.1477,0.446067,-999.990,-99.0000,3.97352,-888.000,3.97352,0.00000,0.00000
239.240,26.2172,-0.00942617,-999.990,-999.000,1.56863,-888.000,1.56863,0.00000,0.00000
239.717,26.1356,9.84620,0.0324092,0.0324092,0.0324092,0.0324000,0.0324069,4.60074e-06,3.00000
239.563,26.0684,0.149437,-999.990,-999.000,3.99262,-888.000,3.99262,0.00000,0.00000
239.323,26.0396,3.78513,0.0721673,-999.000,0.0721673,-888.000,0.0721673,0.00000,2.00000
239.487,26.1938,-0.0153722,-999.990,-999.000,0.438555,-888.000,0.438555,0.00000,0.00000
239.778,26.0590,6.26117,0.0467033,0.0467033,0.0467033,0.0466300,0.0466850,3.66587e-05,3.00000
239.428,26.2089,0.218318,-999.990,-99.0000,3.92251,-888.000,3.92251,0.00000,0.00000
239.376,26.0451,0.945706,-999.990,-99.0000,0.400496,-888.000,0.400496,0.00000,0.00000
239.268,26.1338,2.83649,0.0764578,-999.000,0.0764578,0.0765600,0.0764919,5.90050e-05,3.00000
239.306,26.0753,4.26295,0.0940352,-99.0000,0.0940352,0.0939700,0.0940135,3.76433e-05,3.00000
239.955,26.0799,12.8241,0.0912398,0.0912398,0.0912398,0.0912300,0.0912373,4.89508e-06,3.00000
239.909,26.0637,1.48674,0.240055,0.240055,0.240055,0.240100,0.240066,2.25686e-05,3.00000
239.351,25.9195,7.47649,0.0726847,0.0726847,0.0726847,0.0726900,0.0726860,2.65616e-06,3.00000
239.434,26.0767,0.846835,-999.990,-999.000,1.45427,-888.000,1.45427,0.00000,0.00000
239.196,26.1143,5.03195,0.192891,-999.000,0.192891,0.932750,0.192891,0.00000,2.00000
239.808,26.0805,-0.274519,-999.990,-999.000,0.595815,-888.000,0.595815,0.00000,0.00000
239.936,26.0945,6.17834,0.0714197,-999.000,0.0714197,0.0715000,0.0714465,4.63626e-05,3.00000
239.663,26.1253,1.95366,0.250632,0.250632,0.250632,-888.000,0.250632,2.58096e-07,3.00000
239.781,26.1083,3.35811,0.156234,-999.000,0.156234,-888.000,0.156234,0.00000,2.00000
239.098,26.0798,27.9646,6.13069e-05,-999.000,6.13069e-05,0.000120000,8.08713e-05,3.38865e-05,3.00000
239.134,26.0624,-0.284593,-999.990,-999.000,1.05096,-888.000,1.05096,0.00000,0.00000
239.561,26.1353,6.62100,0.0952748,-999.000,0.200020,0.0953900,0.0953324,8.14593e-05,2.00000
239.187,25.9207,14.8136,0.0690343,0.0690343,0.0690343,0.0690600,0.0690407,1.28448e-05,3.00000
239.437,25.9288,5.39008,0.0431398,0.0431398,0.0431398,0.0431400,0.0431398,1.10091e-07,3.00000
239.433,25.8970,6.71339,0.0795011,0.0788000,0.414524,0.0791300,0.0791437,0.000350750,3.00000
239.583,25.9802,2.69612,0.223112,-999.000,0.223112,0.223130,0.223118,1.03927e-05,3.00000
239.255,25.9355,5.60346,0.0719090,0.0719090,0.0719090,0.0719500,0.0719193,2.04941e-05,3.00000
239.184,26.0091,0.416585,-999.990,-999.000,0.449767,-888.000,0.449767,0.00000,0.00000
239.457,25.9431,-0.786376,-999.990,-999.000,1.56222,-888.000,1.56222,0.00000,0.00000
239.770,25.9954,2.99714,0.193449,-999.000,0.193449,0.193530,0.193476,4.67583e-05,3.00000
239.243,26.0303,1.60830,0.449218,-99.0000,0.449218,-888.000,0.449218,0.00000,2.00000
239.112,26.0419,0.874771,0.310622,0.310622,0.310622,-888.000,0.310622,3.65002e-08,3.00000
239.451,25.9602,0.390695,0.0430884,0.0430884,0.0430884,-888.000,0.0430884,1.53598e-08,3.00000
239.114,25.9233,4.87704,0.0742933,-999.000,0.0742933,0.0743400,0.0743089,2.69624e-05,3.00000
239.820,26.0215,0.0802430,-999.990,-999.000,3.92697,-888.000,3.92697,0.00000,0.00000
240.148,26.0635,12.0222,0.0885970,-999.000,0.0885970,-888.000,0.0885970,0.00000,2.00000
239.293,25.8728,4.00101,0.0702503,0.0702503,0.0702503,0.0702500,0.0702502,1.54019e-07,3.00000
239.096,25.9069,5.64209,-999.990,0.0733000,1.56895,0.0732300,0.0732650,4.94962e-05,2.00000
239.422,26.0112,1.18240,-999.990,-99.0000,0.485095,-888.000,0.485095,0.00000,0.00000
239.413,25.9773,1.37673,-999.990,-999.000,3.94550,-888.000,3.94550,0.00000,0.00000
239.318,25.9760,12.1066,0.0711528,0.0711528,0.0711528,0.0710500,0.0711271,5.13991e-05,3.00000
239.249,25.8941,3.66493,0.0724986,-999.000,0.0724986,0.0725000,0.0724991,8.08706e-07,3.00000
239.154,25.9003,8.75447,0.0634114,-999.000,0.0634114,0.0632900,0.0633709,7.00902e-05,3.00000
239.209,26.0587,5.72419,0.154270,0.154270,0.154270,0.154110,0.154230,7.99969e-05,3.00000
239.102,25.8757,19.4094,0.0743491,-999.000,0.0743491,0.0741300,0.0742761,0.000126497,3.00000
239.455,26.0361,2.02313,-999.990,-99.0000,-4.43599e-05,-888.000,-4.43599e-05,0.00000,0.00000
239.344,26.0289,7.70384,0.0805975,0.0805975,0.0805975,0.0805800,0.0805931,8.75321e-06,3.00000
239.247,25.8581,3.64564,0.0709027,-999.000,0.0709027,0.0709500,0.0709185,2.73108e-05,3.00000
239.290,26.0306,5.27287,0.000183668,-999.000,0.000183668,0.000210000,0.000192445,1.52028e-05,3.00000
239.150,25.8387,4.42974,0.0734747,0.0734747,0.0734747,-888.000,0.0734747,1.29048e-08,3.00000
239.154,25.8649,0.762441,0.354819,0.354819,0.354819,-888.000,0.354819,5.16191e-08,3.00000
239.372,25.8487,2.33632,0.0700119,-999.000,0.0700119,0.0700300,0.0700179,1.04486e-05,3.00000
239.223,25.7803,1.35570,-999.990,0.335749,0.335749,-888.000,0.335749,1.26441e-07,2.00000
239.280,25.7976,1.19547,-999.990,0.0695000,1.56458,-888.000,1.56458,0.00000,0.00000
239.220,25.8279,0.190179,-999.990,-999.000,0.446685,-888.000,0.446685,0.00000,0.00000
239.595,25.7016,4.60999,0.0719332,-999.000,0.0719332,0.0719600,0.0719421,1.54728e-05,3.00000
239.378,25.8733,4.69930,0.119755,-999.000,0.553141,0.119500,0.119627,0.000180315,2.00000
239.547,25.6937,3.52581,0.0894682,-999.000,0.0894682,0.0894700,0.0894688,1.03669e-06,3.00000
239.309,25.8184,21.8770,-0.000171497,-0.000171497,-0.000171497,-0.000220000,-0.000183623,2.42515e-05,3.00000
239.257,25.8209,0.651791,-999.990,-99.0000,0.106910,0.726910,0.106910,0.00000,0.00000
239.120,25.8084,7.19223,0.0716379,-999.000,0.0716379,0.0716400,0.0716386,1.21305e-06,3.00000
239.732,25.7782,2.19300,0.112317,0.112317,0.112317,0.112260,0.112303,2.84358e-05,3.00000
239.831,25.7986,14.0414,0.000106278,-999.000,0.000106278,-888.000,0.000106278,0.00000,2.00000
239.647,25.7183,-0.111675,-999.990,-999.000,0.158079,-888.000,0.158079,0.00000,0.00000
239.916,25.8674,-0.00257257,-999.990,-999.000,0.573092,-888.000,0.573092,0.00000,0.00000
239.511,25.7227,3.52790,0.258717,-999.000,0.258717,0.258720,0.258718,1.73789e-06,3.00000
239.690,25.7991,1.93064,0.0896439,0.0896439,0.0896439,0.0896200,0.0896379,1.19445e-05,3.00000
239.121,25.7719,3.85364,0.154507,0.154507,0.154507,-888.000,0.154507,1.20598e-07,3.00000
239.561,25.7461,0.293039,0.156259,-999.000,0.156259,-888.000,0.156259,0.00000,2.00000
239.159,25.7543,11.6499,0.0722070,0.0722070,0.0722070,-888.000,0.0722070,2.17220e-08,3.00000
240.066,25.9843,4.61652,0.0652710,0.0652710,0.0652710,0.0652400,0.0652632,1.54935e-05,3.00000
239.781,25.8291,3.20205,0.129076,-99.0000,1.56260,0.129050,0.129063,1.83866e-05,2.00000
239.834,25.9071,2.83492,0.196404,-999.000,0.196404,-888.000,0.196404,0.00000,2.00000
240.050,26.0239,10.1633,0.0904428,0.0904428,0.0904428,0.0904200,0.0904371,1.13957e-05,3.00000
239.817,25.9335,1.59953,0.297673,0.297673,0.297673,-888.000,0.297673,2.06477e-07,3.00000
240.057,25.9984,0.396268,-999.990,0.0448000,0.436649,-888.000,0.436649,0.00000,0.00000
239.610,25.8369,4.94613,0.0707986,0.0707986,0.0707986,0.0708500,0.0708114,2.57082e-05,3.00000
239.964,25.9146,8.74959,0.0445123,0.0445123,0.0445123,0.0445000,0.0445092,6.15419e-06,3.00000
240.021,26.0294,9.67383,0.0907876,0.0907876,0.0907876,0.0907900,0.0907882,1.19484e-06,3.00000
239.351,25.6484,4.64495,0.148744,0.148500,1.61407,0.148240,0.148495,0.000252043,3.00000
239.718,25.8611,12.9541,0.0720138,0.0720138,0.0720138,0.0719200,0.0719903,4.68940e-05,3.00000
239.224,25.6813,5.30651,0.0457385,0.0455000,1.64570,0.0456000,0.0456128,0.000119767,3.00000
239.547,25.9053,-0.183965,-999.990,-999.000,0.439183,-888.000,0.439183,0.00000,0.00000
239.497,25.8683,2.31540,0.0791513,0.0791513,0.0791513,0.0791000,0.0791385,2.56449e-05,3.00000
239.888,26.0111,-0.229516,-999.990,-999.000,3.69509,-888.000,3.69509,0.00000,0.00000
239.337,25.8169,2.66524,0.0728299,0.0728299,0.0728299,0.0728200,0.0728274,4.94473e-06,3.00000
239.925,26.0143,13.4731,0.0881422,0.0881422,0.0881422,0.0879700,0.0880992,8.60927e-05,3.00000
239.654,25.9268,4.58658,0.0457683,-999.000,0.0457683,0.0457400,0.0457589,1.63375e-05,3.00000
239.345,25.6725,0.485896,0.216129,-999.000,0.216129,-888.000,0.216129,0.00000,2.00000
239.591,25.9069,4.02897,0.0719778,0.0719778,0.0719778,0.0719600,0.0719734,8.90470e-06,3.00000
239.195,25.6541,4.39260,0.185690,-999.000,0.185690,-888.000,0.185690,0.00000,2.00000
239.283,25.6712,0.0431113,-999.990,-999.000,0.114998,-888.000,0.114998,0.00000,0.00000
239.632,25.9813,3.31140,0.0485219,0.0485219,0.0485219,0.0485200,0.0485214,9.46282e-07,3.00000
239.196,25.6016,0.679046,0.196871,-999.000,0.196871,-888.000,0.196871,0.00000,2.00000
239.247,25.6144,0.439635,0.0977593,-999.000,0.0977593,-888.000,0.0977593,0.00000,2.00000
239.212,25.5825,2.70098,-999.990,-99.0000,1.56154,-888.000,1.56154,0.00000,0.00000
239.256,25.6848,1.00524,0.348120,0.348120,0.348120,-888.000,0.348120,1.72493e-07,3.00000
239.404,25.5565,1.09583,0.442598,-99.0000,0.442598,-888.000,0.442598,0.00000,2.00000
239.597,25.6177,2.98295,0.0793028,0.0793028,0.0793028,0.0793400,0.0793121,1.86066e-05,3.00000
239.227,25.5427,10.9102,0.164792,0.164792,0.164792,0.164470,0.164712,0.000161057,3.00000
239.509,25.6405,1.64560,0.300020,0.300020,0.300020,0.300020,0.300020,1.50002e-07,3.00000
239.211,25.5652,2.07932,0.0640997,0.0640997,0.0640997,0.0640900,0.0640973,4.85158e-06,3.00000
239.284,25.5942,-0.00109171,-999.990,-999.000,0.419374,-888.000,0.419374,0.00000,0.00000
239.516,25.5677,0.828498,-999.990,-99.0000,0.558757,-888.000,0.558757,0.00000,0.00000
239.299,25.5471,3.02936,0.000251403,-999.000,0.000251403,0.000110000,0.000204269,8.16391e-05,3.00000
239.410,25.5792,2.28820,0.199033,0.199033,0.199033,0.198970,0.199017,3.15536e-05,3.00000
239.429,25.6715,2.58532,0.327195,-999.000,0.327195,0.327210,0.327200,8.67201e-06,3.00000
239.322,25.4639,0.191332,-999.990,-999.000,0.0507626,-888.000,0.0507626,0.00000,0.00000
239.321,25.6015,2.71985,0.163573,0.163573,0.163573,0.163710,0.163607,6.85430e-05,3.00000
239.462,25.6430,5.78768,0.147158,-999.000,1.58206,0.147240,0.147199,5.79835e-05,2.00000
239.551,25.6227,2.02759,0.161509,-999.000,0.161509,-888.000,0.161509,0.00000,2.00000
239.318,25.4976,4.18213,0.154754,-999.000,0.154754,0.154800,0.154769,2.65580e-05,3.00000
239.522,25.6243,4.44379,0.160280,-999.000,0.160280,0.160270,0.160277,5.77274e-06,3.00000
239.299,25.4358,5.41643,0.206260,0.206260,0.206260,0.206230,0.206252,1.49322e-05,3.00000
239.416,25.4560,2.04642,0.262767,-999.000,1.57245,0.262370,0.262568,0.000280719,2.00000
239.445,25.6608,11.0958,0.0891523,0.0891523,0.0891523,0.0890800,0.0891342,3.61515e-05,3.00000
240.133,25.8551,9.43135,-0.000328486,-0.000328486,-0.000328486,-888.000,-0.000328486,2.69112e-10,3.00000
239.344,25.4609,0.377875,0.205780,0.205780,0.205780,-888.000,0.205780,2.84491e-07,3.00000
239.378,25.4677,0.607112,-999.990,-99.0000,0.194225,-888.000,0.194225,0.00000,0.00000
239.363,25.3487,0.0937382,-999.990,-999.000,3.92192,-888.000,3.92192,0.00000,0.00000
239.611,25.4615,4.80232,0.215819,-999.000,0.215819,0.216020,0.215886,0.000116048,3.00000
239.621,25.4844,1.08009,-999.990,-999.000,0.0202634,-888.000,0.0202634,0.00000,0.00000
239.407,25.4074,2.65058,0.0990642,0.0989000,1.69378,0.0988900,0.0989514,9.78171e-05,3.00000
239.724,25.6012,0.0891190,0.328647,0.328647,0.328647,-888.000,0.328647,2.06477e-07,3.00000
239.620,25.5127,0.119367,-999.990,-999.000,0.145637,-888.000,0.145637,0.00000,0.00000
239.724,25.5679,5.28220,0.0908310,0.0908310,0.0908310,0.0908300,0.0908307,4.94440e-07,3.00000
240.105,25.9402,5.25138,0.167921,-999.000,0.167921,-888.000,0.167921,0.00000,2.00000
239.490,25.5154,2.39261,0.216465,0.216465,0.216465,0.216450,0.216461,7.43296e-06,3.00000
239.978,25.8246,2.91928,0.0916674,0.0916674,0.0916674,0.0915000,0.0916255,8.36986e-05,3.00000
239.928,25.8294,0.0294196,0.133167,-999.000,0.133167,-888.000,0.133167,0.00000,2.00000
239.877,25.7686,4.70634,0.0431955,-999.000,0.0431955,0.0431700,0.0431870,1.47222e-05,3.00000
239.866,25.7930,4.15389,0.0407329,-999.000,0.0407329,0.0407200,0.0407286,7.44821e-06,3.00000
239.476,25.4526,0.0694439,-999.990,-999.000,1.43830,-888.000,1.43830,0.00000,0.00000
239.784,25.7527,0.145641,-999.990,-99.0000,0.676585,0.361750,0.676585,0.00000,0.00000
239.767,25.7155,1.95312,0.301737,0.301500,1.67909,0.301260,0.301499,0.000238510,3.00000
239.447,25.3196,0.593019,-999.990,-999.000,0.358687,-888.000,0.358687,0.00000,0.00000
239.444,25.3468,0.0395980,-999.990,-999.000,3.89832,-888.000,3.89832,0.00000,0.00000
239.649,25.6437,7.81270,0.105954,-999.000,0.105954,0.105940,0.105949,8.08270e-06,3.00000
239.632,25.4618,2.98934,0.148181,-999.000,0.148181,0.148170,0.148177,6.35776e-06,3.00000
239.861,25.5091,0.998348,-999.990,-99.0000,0.623853,-888.000,0.623853,0.00000,0.00000
239.509,25.3692,0.343669,-999.990,-999.000,0.413200,-888.000,0.413200,0.00000,0.00000
239.485,25.2552,0.340120,-999.990,-999.000,0.172058,-888.000,0.172058,0.00000,0.00000
239.915,25.5804,5.19711,0.0893177,0.0893177,0.0893177,0.0893400,0.0893233,1.11573e-05,3.00000
239.554,25.3688,0.0297562,-999.990,-999.000,0.424249,-888.000,0.424249,0.00000,0.00000
239.529,25.3178,2.42648,0.0640338,0.0640338,0.0640338,0.0640300,0.0640328,1.89499e-06,3.00000
239.851,25.5868,-0.546302,-999.990,-999.000,1.66816,-888.000,1.66816,0.00000,0.00000
239.773,25.5364,9.33132,0.0715443,-999.000,0.0715443,0.0715300,0.0715395,8.25476e-06,3.00000
239.890,25.6479,1.91345,0.117192,0.117192,0.117192,0.117170,0.117187,1.10682e-05,3.00000
239.910,25.7165,0.930299,-999.990,-999.000,0.665451,-888.000,0.665451,0.00000,0.00000
239.865,25.6802,5.18342,0.0890790,-999.000,0.0890790,0.0890400,0.0890660,2.25145e-05,3.00000
239.994,25.9054,9.69779,0.0901783,-999.000,0.0901783,0.0901100,0.0901555,3.94370e-05,3.00000
239.609,25.4116,2.37948,0.103616,0.103616,0.103616,-888.000,0.103616,1.54857e-07,3.00000
239.554,25.2269,9.93612,0.0882024,-999.000,0.0882024,0.0882400,0.0882149,2.17058e-05,3.00000
239.513,25.2294,2.44526,0.0882985,-999.000,0.0882985,0.0882900,0.0882957,4.90812e-06,3.00000
239.643,25.2539,0.100125,-999.990,-999.000,0.464310,-888.000,0.464310,0.00000,0.00000
240.090,25.5006,4.92141,0.172136,0.172136,0.172136,0.172020,0.172107,5.79384e-05,3.00000
239.572,25.2148,17.7785,-0.000177097,-999.000,1.06188,2.00000e-05,-7.85485e-05,0.000139369,2.00000
239.553,25.2670,6.74615,0.0397120,-999.000,0.0397120,0.0397000,0.0397080,6.92772e-06,3.00000
239.649,25.2968,10.0087,-0.000919319,-999.000,-0.000919319,-0.000890000,-0.000909546,1.69273e-05,3.00000
239.832,25.3596,6.04923,0.0716181,-999.000,0.0716181,0.0716200,0.0716187,1.09691e-06,3.00000
239.610,25.1570,0.392785,-999.990,-99.0000,1.61061,-888.000,1.61061,0.00000,0.00000
239.796,25.2761,1.84357,0.172556,0.172556,0.172556,0.172580,0.172562,1.19421e-05,3.00000
239.973,25.5504,-0.0277714,-999.990,-999.000,0.448962,-888.000,0.448962,0.00000,0.00000
239.833,25.3380,1.38712,0.330832,-999.000,0.234585,0.330610,0.330721,0.000156976,2.00000
239.662,25.3538,1.69085,0.205851,0.205851,0.205851,-888.000,0.205851,1.82501e-08,3.00000
240.113,25.7465,2.22536,-999.990,-999.000,1.46386,-888.000,1.46386,0.00000,0.00000
240.144,25.8094,5.42840,0.0914722,0.0914722,0.0914722,0.0914800,0.0914741,3.90412e-06,3.00000
240.077,25.7782,2.69061,0.0907446,0.0908000,0.443576,0.0908000,0.0907815,3.19867e-05,3.00000
239.982,25.6218,3.58119,0.0432442,-999.000,0.0432442,0.0432300,0.0432395,8.19884e-06,3.00000
240.135,25.6176,2.35281,0.0898479,0.0898479,0.0898479,0.0898300,0.0898434,8.95437e-06,3.00000
239.885,25.5230,50.1949,-0.000142892,-999.000,-0.000142892,-888.000,-0.000142892,0.00000,2.00000
239.830,25.4504,0.720553,-999.990,-99.0000,0.420185,-888.000,0.420185,0.00000,0.00000
239.871,25.1637,0.231537,-999.990,-999.000,0.450012,-888.000,0.450012,0.00000,0.00000
239.779,25.3927,1.05885,0.270642,0.271000,0.671291,-888.000,0.270821,0.000253134,2.00000
239.754,25.1472,0.115304,-999.990,-999.000,0.0873615,-888.000,0.0873615,0.00000,0.00000
239.798,25.2427,1.84102,0.261665,-999.000,0.261665,-888.000,0.261665,0.00000,2.00000
239.712,25.1649,2.05725,0.0903423,0.0903423,0.0903423,-888.000,0.0903423,1.58051e-08,3.00000
239.875,25.1931,5.51775,0.0688280,0.0688280,0.0688280,0.0688400,0.0688310,5.99896e-06,3.00000
239.862,25.2754,2.35947,-999.990,-999.000,-0.000519261,-888.000,-0.000519261,0.00000,0.00000
239.678,25.1399,-0.292771,-999.990,-999.000,2.90614,-888.000,2.90614,0.00000,0.00000
239.735,25.3348,2.56493,0.112339,0.112339,0.112339,0.112370,0.112347,1.54775e-05,3.00000
239.911,25.3977,0.676217,-999.990,-99.0000,0.557836,-888.000,0.557836,0.00000,0.00000
239.731,25.3730,3.00038,-999.990,-999.000,3.92524,-888.000,3.92524,0.00000,0.00000
239.890,25.2866,0.557820,0.244830,-999.000,0.244830,-888.000,0.244830,0.00000,2.00000
239.699,25.3430,2.29937,0.169143,-99.0000,0.169143,0.168740,0.169009,0.000232673,3.00000
239.925,25.4773,5.75839,0.104307,0.104307,0.104307,0.104310,0.104308,1.45381e-06,3.00000
240.004,25.7485,5.50712,0.340534,0.340534,0.340534,-888.000,0.340534,1.03238e-07,3.00000
239.797,25.0776,0.809804,-999.990,-99.0000,1.66258,-888.000,1.66258,0.00000,0.00000
239.977,25.4984,1.26036,0.186517,-999.000,0.186517,0.186270,0.186435,0.000142606,3.00000
239.957,25.6629,0.795010,0.170370,-99.0000,0.434965,0.170380,0.170375,7.07014e-06,2.00000
239.876,25.1426,2.08210,0.206163,0.206163,0.206163,0.206050,0.206135,5.65776e-05,3.00000
239.805,25.1735,2.11980,0.0892892,0.0892892,0.0892892,0.0893200,0.0892969,1.53954e-05,3.00000
240.020,25.4074,1.21252,0.438034,-999.000,0.438034,0.438110,0.438059,4.38763e-05,3.00000
240.001,25.2982,1.24535,0.172246,-99.0000,0.172246,0.172140,0.172211,6.11945e-05,3.00000
240.102,25.6807,2.19945,0.172119,-999.000,0.172119,0.172140,0.172126,1.21219e-05,3.00000
239.866,25.0906,6.47225,0.0424372,0.0424372,0.0424372,0.0424700,0.0424454,1.64000e-05,3.00000
239.964,25.2471,2.48263,0.173296,-999.000,0.173296,0.173360,0.173317,3.69507e-05,3.00000
240.056,25.6398,2.89483,0.0904703,-999.000,0.0904703,0.0904900,0.0904769,1.13734e-05,3.00000
239.925,25.0442,12.5052,0.0722527,0.0722527,0.0722527,0.0722200,0.0722445,1.63553e-05,3.00000
240.082,25.6760,1.65778,-999.990,-99.0000,0.554101,-888.000,0.554101,0.00000,0.00000
240.022,25.5736,2.52584,-0.000486221,-999.000,-0.000486221,-0.000470000,-0.000480814,9.36519e-06,3.00000
239.951,25.3499,0.575966,0.528785,-99.0000,0.528785,-888.000,0.528785,0.00000,2.00000
240.025,25.3464,-0.00404646,-999.990,-999.000,0.166980,-888.000,0.166980,0.00000,0.00000
240.001,25.5363,0.230490,-999.990,-999.000,0.459669,-888.000,0.459669,0.00000,0.00000
239.972,25.1131,2.42694,-0.000201673,-0.000201673,-0.000201673,-888.000,-0.000201673,1.26023e-10,3.00000
239.904,25.2318,2.92274,0.205205,-999.000,0.205205,0.205110,0.205173,5.48453e-05,3.00000
240.088,25.2321,4.42632,0.0819416,-999.000,0.0819416,0.0819300,0.0819377,6.69758e-06,3.00000
239.993,25.1276,2.47418,0.219060,0.219060,0.219060,0.219140,0.219080,4.00723e-05,3.00000
239.953,25.1707,1.15705,-999.990,-99.0000,1.69560,-888.000,1.69560,0.00000,0.00000
239.991,25.0348,0.237553,-999.990,-999.000,1.58634,-888.000,1.58634,0.00000,0.00000
239.890,25.2545,2.63855,0.119755,-99.0000,1.56427,0.120030,0.119893,0.000194455,2.00000
240.111,25.0426,-0.0352416,-999.990,-999.000,3.76205,-888.000,3.76205,0.00000,0.00000
240.032,25.0598,0.128393,0.521851,-99.0000,0.521851,-888.000,0.521851,0.00000,2.00000
240.163,25.3730,2.69180,0.0682320,-999.000,0.0682320,0.0683100,0.0682580,4.50334e-05,3.00000
240.030,25.1531,1.22988,-999.990,0.406000,1.61255,-888.000,1.61255,0.00000,0.00000
240.105,25.0764,0.670848,0.570791,-999.000,0.570791,0.570480,0.570687,0.000179566,3.00000
240.169,25.4466,0.725731,-999.990,0.375582,0.375582,-888.000,0.375582,2.98023e-08,2.00000
240.034,25.0149,1.99185,0.209680,0.209680,0.209680,0.209740,0.209695,3.00110e-05,3.00000
240.104,25.1343,0.766134,0.281264,0.281264,0.281264,-888.000,0.281264,1.38188e-07,3.00000
240.066,25.1157,-0.0236020,-999.990,-999.000,0.494419,-888.000,0.494419,0.00000,0.00000
240.014,25.2443,-0.375326,-999.990,-999.000,1.40501,-888.000,1.40501,0.00000,0.00000
240.154,25.4958,2.17134,0.0893992,0.0893992,0.0893992,0.0894100,0.0894019,5.39424e-06,3.00000
240.123,25.0295,3.81929,0.170863,0.170863,0.170863,0.170850,0.170860,6.44928e-06,3.00000
240.087,25.1923,0.713478,-999.990,-99.0000,1.05431,-888.000,1.05431,0.00000,0.00000
240.060,25.2757,1.19220,0.0899914,0.0896000,0.442039,0.0896200,0.0897371,0.000220428,3.00000
240.046,25.4369,-0.352440,-999.990,-999.000,0.121824,-888.000,0.121824,0.00000,0.00000
240.200,25.1722,-0.0390003,-999.990,-999.000,0.150355,-888.000,0.150355,0.00000,0.00000
240.219,25.3269,5.78052,0.0884186,0.0884186,0.0884186,0.0885400,0.0884490,6.06986e-05,3.00000
240.035,25.2570,2.75047,0.211386,0.211386,0.211386,0.211620,0.211444,0.000117049,3.00000
240.195,25.1075,3.01638,0.146548,0.146548,0.146548,0.146680,0.146581,6.59824e-05,3.00000
240.178,25.2471,-0.00442050,-999.990,-999.000,3.73090,-888.000,3.73090,0.00000,0.00000
240.205,25.3708,0.702732,-999.990,-99.0000,1.05121,-888.000,1.05121,0.00000,0.00000
240.243,25.0111,1.05475,0.265386,0.265000,1.05742,0.264780,0.265055,0.000306753,3.00000
240.133,25.5552,0.399247,0.301737,-99.0000,0.386699,-888.000,0.386699,0.00000,0.00000
240.254,25.1159,10.1823,0.0829346,-999.000,0.0829346,0.0829100,0.0829264,1.42039e-05,3.00000
240.171,25.3431,2.56312,0.0430321,-999.000,0.0430321,0.0430100,0.0430247,1.27585e-05,3.00000
240.194,25.0479,0.985460,0.210154,-99.0000,0.210154,0.210240,0.210183,4.96576e-05,3.00000
240.236,25.1289,1.94952,0.356823,-999.000,1.40455,-888.000,1.40455,0.00000,0.00000
240.114,25.5435,6.12529,0.172107,0.172107,0.172107,0.172080,0.172100,1.34276e-05,3.00000
240.152,25.2746,8.09139,0.0676357,0.0676357,0.0676357,0.0676100,0.0676293,1.28498e-05,3.00000
240.265,25.0756,0.0288405,-999.990,-999.000,0.380244,-888.000,0.380244,0.00000,0.00000
240.217,25.0988,2.71236,0.0328163,-999.000,1.60745,-888.000,1.60745,0.00000,0.00000
240.087,25.3398,0.625394,0.0899765,0.0899765,0.0899765,-888.000,0.0899765,7.45058e-09,3.00000
240.082,25.4155,2.76231,0.172671,-999.000,0.172671,0.172570,0.172637,5.83124e-05,3.00000
240.100,25.4754,2.52562,0.218686,0.218686,0.218686,0.218720,0.218695,1.69849e-05,3.00000
240.064,25.3685,-0.150933,-999.990,-999.000,1.57060,-888.000,1.57060,0.00000,0.00000
240.394,25.2303,4.56487,0.0496032,0.0496032,0.0496032,0.0495800,0.0495974,1.16018e-05,3.00000
240.362,25.3169,3.67899,0.0496296,-999.000,0.0496296,0.0495800,0.0496131,2.86357e-05,3.00000
240.344,25.4023,2.84960,0.149019,0.149019,0.149019,0.148950,0.149002,3.45086e-05,3.00000
240.355,25.5085,1.28510,0.245408,-999.000,0.245408,0.245580,0.245465,9.93066e-05,3.00000
240.329,25.5985,3.44936,0.0882645,-999.000,0.0882645,0.0882600,0.0882630,2.59816e-06,3.00000
240.298,25.2434,0.00000,0.00000,-99.0000,1.67416,0.0426300,1.67416,0.00000,0.00000
240.271,25.7371,0.668292,-999.990,-999.000,0.480347,-888.000,0.480347,0.00000,0.00000
240.296,25.5738,6.39118,0.0878663,-999.000,0.0878663,0.0877700,0.0878342,5.55981e-05,3.00000
240.369,25.2612,2.55633,0.169949,-999.000,0.169949,0.170030,0.169976,4.67669e-05,3.00000
240.287,25.7568,9.81886,0.0876136,0.0876136,0.0876136,0.0875400,0.0875952,3.67972e-05,3.00000
240.242,25.8199,4.96148,0.0886455,0.0886455,0.0886455,0.0886300,0.0886416,7.74491e-06,3.00000
240.409,25.1437,0.648093,-999.990,-99.0000,0.535487,-888.000,0.535487,0.00000,0.00000
240.164,25.7712,3.83714,0.0885949,-999.000,0.0885949,0.0886500,0.0886133,3.18146e-05,3.00000
240.195,25.8541,2.30457,0.0882024,0.0882024,0.0882024,0.0882600,0.0882168,2.88039e-05,3.00000
240.216,25.4451,0.901789,0.0718117,-999.000,0.0718117,-888.000,0.0718117,0.00000,2.00000
240.287,25.1008,1.24921,0.266978,-999.000,0.266978,0.267290,0.267082,0.000180134,3.00000
240.208,25.9059,-0.265566,-999.990,-999.000,0.426063,-888.000,0.426063,0.00000,0.00000
240.457,25.0475,1.64092,0.416032,-999.000,0.416032,0.416170,0.416078,7.96827e-05,3.00000
240.244,25.1710,2.82731,0.0873346,-999.000,0.0873346,0.0872200,0.0872964,6.61671e-05,3.00000
240.163,25.8449,4.83929,0.0712457,0.0712457,0.0712457,0.0711100,0.0712118,6.78487e-05,3.00000
240.208,25.7266,3.49420,0.0889803,0.0889803,0.0889803,0.0891000,0.0890102,5.98592e-05,3.00000
240.191,25.6896,2.73544,0.0900107,-99.0000,0.0900107,0.0900700,0.0900305,3.42364e-05,3.00000
240.241,25.2919,2.39562,0.206426,-999.000,0.206426,0.206340,0.206397,4.96490e-05,3.00000
240.249,25.2326,0.0157999,-999.990,-999.000,0.424162,-888.000,0.424162,0.00000,0.00000
240.270,25.3316,13.1442,0.0678915,0.0678915,0.0678915,0.0678600,0.0678836,1.57480e-05,3.00000
240.169,25.6497,3.08976,0.172725,0.172725,0.172725,0.172630,0.172701,4.74530e-05,3.00000
240.138,25.7728,2.17121,0.0888002,-999.000,0.0888002,-888.000,0.0888002,0.00000,2.00000
240.179,25.5495,-0.174534,-999.990,-999.000,0.456749,-888.000,0.456749,0.00000,0.00000
240.484,25.2758,5.75947,-0.000103212,-99.0000,-0.000103212,-7.00000e-05,-9.21413e-05,1.91750e-05,3.00000
240.123,25.7155,6.53104,0.0714407,0.0714407,0.0714407,0.0714300,0.0714380,5.35325e-06,3.00000
240.437,25.3946,2.98991,0.148744,-999.000,1.56111,0.149010,0.148877,0.000188091,2.00000
240.532,25.1730,1.60559,0.217861,0.217861,0.217861,0.217450,0.217758,0.000205539,3.00000
240.408,25.4270,0.407318,-999.990,-999.000,0.573152,-888.000,0.573152,0.00000,0.00000
240.518,25.1519,0.266702,-999.990,-99.0000,0.550496,-888.000,0.550496,0.00000,0.00000
240.374,25.4786,-0.0342465,-999.990,-999.000,0.107424,-888.000,0.107424,0.00000,0.00000
240.546,25.1914,3.87831,0.101321,-999.000,0.101321,0.101270,0.101304,2.94444e-05,3.00000
240.382,25.3051,0.608705,-999.990,-99.0000,1.61856,0.469840,1.61856,0.00000,0.00000
240.417,25.3303,-0.322029,-999.990,-999.000,0.559597,-888.000,0.559597,0.00000,0.00000
240.588,25.2990,4.88205,0.0878633,-999.000,0.0878633,0.0878300,0.0878522,1.92281e-05,3.00000
240.598,25.1336,0.00622053,-999.990,-999.000,0.527366,-888.000,0.527366,0.00000,0.00000
240.576,25.1264,4.54810,0.147950,0.148000,1.58273,0.147930,0.147960,3.60590e-05,3.00000
240.414,25.1930,-0.453097,-999.990,-999.000,0.524239,-888.000,0.524239,0.00000,0.00000
240.547,25.3590,1.05145,-999.990,-99.0000,2.08143,0.415960,2.08143,0.00000,0.00000
240.680,25.2360,3.17489,0.0858432,-999.000,0.0858432,0.0858300,0.0858388,7.61813e-06,3.00000
240.660,25.2531,5.99158,0.131000,0.131000,0.131000,0.131070,0.131018,3.49241e-05,3.00000
240.474,25.4765,15.3057,0.0877349,-999.000,1.57367,0.0878400,0.0877874,7.43154e-05,2.00000
240.702,25.2112,1.11671,0.262767,-999.000,1.59151,0.262060,0.262414,0.000499925,2.00000
240.647,25.1732,1.21794,0.218287,0.218287,0.218287,-888.000,0.218287,6.05288e-08,3.00000
240.451,25.3992,2.81432,0.222582,0.222582,0.222582,-888.000,0.222582,2.15166e-07,3.00000
240.499,25.3027,0.0211675,-999.990,-999.000,3.96201,-888.000,3.96201,0.00000,0.00000
240.617,25.2679,3.72057,0.172950,0.172950,0.172950,-888.000,0.172950,2.75369e-07,3.00000
240.644,25.1406,0.922511,0.406927,0.406927,0.406927,-888.000,0.406927,2.24014e-07,3.00000
240.733,25.1763,4.62858,0.174424,0.174424,0.174424,0.174350,0.174405,3.69551e-05,3.00000
240.501,25.2682,-0.0666529,-999.990,-999.000,1.60658,-888.000,1.60658,0.00000,0.00000
240.613,25.2364,0.508341,-999.990,-99.0000,0.577149,-888.000,0.577149,0.00000,0.00000
240.578,25.5066,0.890184,0.152135,-999.000,0.152135,0.152210,0.152160,4.32999e-05,3.00000
240.553,25.5243,0.450946,0.173847,0.173847,0.173847,0.173800,0.173835,2.34695e-05,3.00000
240.451,25.6502,5.16519,0.0900710,-999.000,0.0900710,0.0900700,0.0900707,5.76422e-07,3.00000
240.688,25.4388,11.9025,0.0676357,-999.000,1.55530,0.0675700,0.0676029,4.64564e-05,2.00000
240.440,25.5866,2.40108,0.0255969,-999.000,0.0255969,0.0256000,0.0255979,1.78946e-06,3.00000
240.476,25.5633,1.55128,0.183669,-999.000,0.183669,0.183690,0.183676,1.21219e-05,3.00000
240.817,25.2852,5.70912,0.0878249,0.0878249,0.0878249,0.0878500,0.0878312,1.25530e-05,3.00000
240.275,25.8491,9.03930,0.0898183,0.0898183,0.0898183,0.0898000,0.0898137,9.15679e-06,3.00000
240.661,25.4570,2.63192,0.268873,-999.000,0.268873,0.268730,0.268825,8.25562e-05,3.00000
240.755,25.3717,2.38804,0.213865,0.213865,0.213865,-888.000,0.213865,1.80667e-07,3.00000
240.771,25.2976,12.9706,-5.10060e-05,-5.10060e-05,-5.10060e-05,-888.000,-5.10060e-05,2.10563e-11,3.00000
240.702,25.3630,3.27767,0.177345,-99.0000,0.177345,0.177410,0.177367,3.75357e-05,3.00000
240.653,25.4067,4.24986,0.176532,0.176532,0.176532,0.176570,0.176542,1.89256e-05,3.00000
240.748,25.3484,3.10634,0.0480961,0.0480961,0.0480961,0.0480900,0.0480946,3.05039e-06,3.00000
240.480,25.5048,2.36009,0.0255239,0.0255239,0.0255239,-888.000,0.0255239,1.93572e-08,3.00000
240.541,25.4009,2.66699,0.0906971,-99.0000,0.0906971,0.0907600,0.0907181,3.63141e-05,3.00000
240.735,25.2492,0.662249,-999.990,-99.0000,0.462484,-888.000,0.462484,0.00000,0.00000
240.503,25.4567,11.4867,0.0869838,-999.000,1.55336,0.0868300,0.0869069,0.000108755,2.00000
240.715,25.5831,2.76427,0.0886683,-99.0000,0.0886683,0.0885300,0.0886222,7.98505e-05,3.00000
240.672,25.3532,2.54998,0.175799,-999.000,0.175799,0.175560,0.175719,0.000137987,3.00000
240.846,25.2544,2.11030,0.0884427,-99.0000,0.0884427,0.0884500,0.0884451,4.21557e-06,3.00000
240.711,25.3011,4.56287,0.0875856,-999.000,0.0875856,0.0874600,0.0875437,7.25163e-05,3.00000
240.794,25.3268,1.01582,-999.990,-99.0000,0.171896,-888.000,0.171896,0.00000,0.00000
240.645,25.5909,2.76967,0.172326,0.172326,0.172326,0.172220,0.172300,5.30308e-05,3.00000
240.590,25.3223,10.5006,0.0848316,-999.000,0.0848316,0.0849500,0.0848711,6.83566e-05,3.00000
240.819,25.4331,8.62700,0.0330644,0.0330644,0.0330644,-888.000,0.0330644,3.72529e-09,3.00000
240.704,25.5571,3.25053,0.206670,-999.000,0.206670,0.206700,0.206680,1.73182e-05,3.00000
240.835,25.3330,2.88940,0.177567,-999.000,0.177567,-888.000,0.177567,0.00000,2.00000
240.770,25.3713,3.21726,0.100474,0.100474,0.100474,0.100500,0.100481,1.29202e-05,3.00000
240.565,25.6601,0.0809478,-999.990,-999.000,0.149458,-888.000,0.149458,0.00000,0.00000
240.431,25.7787,8.85923,0.0875359,-999.000,0.0875359,0.0875000,0.0875239,2.07294e-05,3.00000
240.866,25.2632,1.39850,0.0885177,-999.000,0.0885177,0.0884700,0.0885018,2.75431e-05,3.00000
240.743,25.4858,3.31912,0.0892387,-999.000,1.56786,0.0889300,0.0890844,0.000218284,2.00000
240.863,25.3918,2.52122,0.259823,0.259823,0.259823,-888.000,0.259823,1.38188e-07,3.00000
240.891,25.3801,6.95536,0.0889241,-999.000,0.0889241,0.0887200,0.0888561,0.000117838,3.00000
240.495,25.6532,3.58755,0.160037,-999.000,0.160037,-888.000,0.160037,0.00000,2.00000
240.584,25.5889,7.09728,0.124406,-999.000,0.473724,0.124530,0.124468,8.76812e-05,2.00000
240.552,25.6307,2.33622,0.123964,-999.000,0.123964,0.123920,0.123949,2.54009e-05,3.00000
241.005,25.3918,5.22033,0.0869838,-999.000,0.467570,0.0870600,0.0870219,5.38795e-05,2.00000
240.932,25.3630,0.253634,-999.990,-99.0000,0.171577,-888.000,0.171577,0.00000,0.00000
240.921,25.4445,16.3515,0.0476442,0.0476442,0.0476442,0.0477200,0.0476631,3.79042e-05,3.00000
240.726,25.4343,3.41015,0.173392,0.173392,0.173392,0.173560,0.173434,8.40377e-05,3.00000
240.535,25.5726,3.12397,-999.990,-99.0000,-0.000325253,-888.000,-0.000325253,0.00000,0.00000
240.594,25.5493,7.89985,0.0898391,0.0898391,0.0898391,0.0896800,0.0897993,7.95511e-05,3.00000
240.915,25.4226,1.97830,-999.990,-99.0000,0.464043,-888.000,0.464043,0.00000,0.00000
240.798,25.5051,4.63159,0.0884866,0.0880000,0.522361,0.0880600,0.0881822,0.000265318,3.00000
240.840,25.4488,2.46275,0.0862332,-99.0000,3.85687,-888.000,3.85687,0.00000,0.00000
240.862,25.5522,0.835331,-999.990,-99.0000,0.413451,-888.000,0.413451,0.00000,0.00000
240.827,25.5632,1.18027,-999.990,-999.000,0.0891855,-888.000,0.0891855,0.00000,0.00000
240.853,25.4233,6.84444,0.0877349,0.0877000,1.55517,0.0875900,0.0876750,7.56237e-05,3.00000
240.635,25.6746,-0.274221,-999.990,-999.000,0.156408,-888.000,0.156408,0.00000,0.00000
240.723,25.6280,2.25502,0.0899914,-999.000,1.55952,0.0900600,0.0900257,4.85110e-05,2.00000
240.886,25.6111,1.09825,-999.990,-99.0000,0.537410,-888.000,0.537410,0.00000,0.00000
241.015,25.4364,2.73007,0.219169,0.219169,0.219169,0.219140,0.219162,1.45288e-05,3.00000
241.070,25.4213,3.40175,0.115020,0.115020,0.115020,0.115010,0.115018,5.01697e-06,3.00000
240.791,25.6544,4.53554,0.0392573,-999.000,0.570913,0.0390600,0.0391586,0.000139511,2.00000
240.687,25.6124,2.29911,0.174793,-999.000,0.174793,0.174740,0.174775,3.06015e-05,3.00000
240.484,25.7505,-0.298183,-999.990,-999.000,1.46824,-888.000,1.46824,0.00000,0.00000
240.839,25.4956,3.88727,0.0433559,-999.000,0.0433559,0.0433600,0.0433573,2.36588e-06,3.00000
240.752,25.5579,1.79237,-999.990,-99.0000,0.399622,0.399470,0.399546,0.000107474,2.00000
241.058,25.4724,1.89307,0.0886952,0.0886952,0.0886952,0.0888300,0.0887289,6.74091e-05,3.00000
240.630,25.7144,1.81093,0.220740,-99.0000,0.537699,0.220870,0.220805,9.19223e-05,2.00000
241.056,25.4933,4.14610,0.0884866,-999.000,1.55864,-888.000,1.55864,0.00000,0.00000
241.115,25.4659,0.515593,0.213330,-999.000,0.213330,-888.000,0.213330,0.00000,2.00000
240.949,25.5049,-0.0685631,-999.990,-999.000,0.410967,-888.000,0.410967,0.00000,0.00000
240.415,25.8067,1.04813,0.577063,-999.000,0.577063,0.577680,0.577269,0.000356206,3.00000
241.029,25.5900,2.58888,0.169375,0.169375,0.169375,0.169450,0.169394,3.75137e-05,3.00000
240.937,25.6004,1.55068,0.0330430,0.0330430,0.0330430,0.0330500,0.0330447,3.50616e-06,3.00000
240.538,26.0335,0.287568,-999.990,-999.000,0.179975,-888.000,0.179975,0.00000,0.00000
240.972,25.5622,3.26612,0.0929196,-999.000,0.0929196,0.0929500,0.0929297,1.75505e-05,3.00000
240.942,25.7977,3.13614,0.150514,0.150514,0.150514,0.150610,0.150538,4.80691e-05,3.00000
240.981,25.4725,0.792338,0.226929,0.226929,0.226929,-888.000,0.226929,4.34440e-08,3.00000
240.945,25.6145,1.91110,0.328994,-999.000,1.61540,0.328520,0.328757,0.000335173,2.00000
241.155,25.5146,0.103051,-999.990,-99.0000,1.47349,-888.000,1.47349,0.00000,0.00000
241.019,25.5628,9.93699,0.0264069,0.0264069,0.0264069,0.0264800,0.0264252,3.65442e-05,3.00000
240.985,25.5331,2.92972,0.169139,0.169139,0.169139,-888.000,0.169139,1.20598e-07,3.00000
241.160,25.5544,0.286031,-999.990,-999.000,3.96713,-888.000,3.96713,0.00000,0.00000
240.456,26.0417,7.50490,0.0884866,0.0884000,1.55679,0.0884600,0.0884489,4.43596e-05,3.00000
240.356,26.0418,3.18345,0.0869838,0.0870000,1.41235,0.0869900,0.0869913,8.17273e-06,3.00000
241.049,25.5931,0.970934,0.406611,0.406611,0.406611,-888.000,0.406611,2.75571e-07,3.00000
240.907,25.7957,1.36133,0.107439,0.107439,0.107439,-888.000,0.107439,1.97897e-07,3.00000
240.428,26.0403,1.66186,0.0884866,-999.000,0.427152,-888.000,0.427152,0.00000,0.00000
240.640,25.8624,0.918373,-999.990,-999.000,0.556029,-888.000,0.556029,0.00000,0.00000
241.215,25.6456,0.338303,-999.990,-999.000,3.94778,-888.000,3.94778,0.00000,0.00000
240.703,25.7726,3.08156,0.0894204,-999.000,0.0894204,-888.000,0.0894204,0.00000,2.00000
241.173,25.6580,2.96375,0.186024,-999.000,0.186024,0.185970,0.186006,3.11780e-05,3.00000
240.853,25.8065,0.394941,-999.990,0.210500,0.435311,-888.000,0.435311,0.00000,0.00000
240.417,26.0170,3.38609,0.0445478,0.0445478,0.0445478,0.0445100,0.0445383,1.88978e-05,3.00000
240.679,25.8728,0.0755920,0.220740,-999.000,0.432591,-888.000,0.432591,0.00000,0.00000
240.800,25.7410,3.52474,0.210287,-999.000,0.210287,-888.000,0.210287,0.00000,2.00000
240.339,26.0163,4.22420,0.0424639,-999.000,0.0424639,0.0424700,0.0424659,3.52301e-06,3.00000
240.664,25.7693,5.24951,0.0893840,-999.000,0.0893840,0.0893200,0.0893627,3.69507e-05,3.00000
240.613,25.8579,1.37049,-999.990,-99.0000,0.574595,-888.000,0.574595,0.00000,0.00000
240.443,25.8756,5.42206,0.124142,-999.000,0.124142,0.124160,0.124148,1.03927e-05,3.00000
240.573,25.8566,2.40805,0.344146,0.344146,0.344146,0.344020,0.344115,6.30419e-05,3.00000
240.570,25.7893,1.06471,-999.990,-999.000,0.504906,-888.000,0.504906,0.00000,0.00000
240.519,25.7908,6.57163,0.0904968,0.0904968,0.0904968,0.0906000,0.0905226,5.15928e-05,3.00000
240.510,25.7796,7.29776,0.0899914,0.0905000,1.57319,0.0902300,0.0902405,0.000254461,3.00000
240.839,25.6611,0.0915144,-999.990,-999.000,0.430565,-888.000,0.430565,0.00000,0.00000
241.032,25.7401,17.8083,0.0884866,-999.000,1.56871,0.0885600,0.0885233,5.19038e-05,2.00000
241.149,25.7207,15.0454,0.0392226,0.0392226,0.0392226,0.0391700,0.0392094,2.62950e-05,3.00000
240.856,25.6407,11.4213,0.0672279,0.0672279,0.0672279,0.0671100,0.0671984,5.89478e-05,3.00000
240.605,25.8263,0.814493,-999.990,-99.0000,3.94697,-888.000,3.94697,0.00000,0.00000
241.239,25.6484,0.265394,0.428504,-999.000,0.428504,-888.000,0.428504,0.00000,2.00000
241.249,25.7056,0.850339,-999.990,-99.0000,0.423097,-888.000,0.423097,0.00000,0.00000
240.519,25.8152,9.22481,0.0868686,0.0868686,0.0868686,0.0868000,0.0868515,3.42987e-05,3.00000
240.402,25.8508,8.92247,0.0499400,-999.000,0.0499400,-888.000,0.0499400,0.00000,2.00000
240.997,25.7810,1.30074,0.317769,-999.000,0.317769,0.317790,0.317776,1.21305e-05,3.00000
241.254,25.7431,4.49282,0.104856,-999.000,0.104856,0.104860,0.104857,2.30996e-06,3.00000
241.052,25.7560,1.08736,-999.990,-99.0000,0.157406,-888.000,0.157406,0.00000,0.00000
241.195,25.7673,1.46062,0.243248,0.243248,0.243248,0.243360,0.243276,5.60234e-05,3.00000
240.733,25.6894,2.67274,0.0907446,-999.000,0.429215,0.0902600,0.0905023,0.000342664,2.00000
241.115,25.6832,3.09808,0.278982,-99.0000,0.278982,0.279930,0.279298,0.000547318,3.00000
241.206,25.8053,0.682073,-999.990,-99.0000,3.92286,-888.000,3.92286,0.00000,0.00000
240.753,25.6746,1.02330,-999.990,-999.000,0.438049,-888.000,0.438049,0.00000,0.00000
241.115,25.8173,1.10975,-999.990,-99.0000,0.535424,-888.000,0.535424,0.00000,0.00000
241.022,25.8649,1.32169,0.344671,-99.0000,0.344671,0.344420,0.344587,0.000144929,3.00000
241.021,25.8191,0.168508,-999.990,-999.000,3.95144,-888.000,3.95144,0.00000,0.00000
241.255,25.7638,0.742984,-999.990,-99.0000,3.92304,0.103900,3.92304,0.00000,0.00000
240.886,25.8231,2.08320,-999.990,-999.000,0.391728,0.391540,0.391634,0.000132952,2.00000
241.117,25.8571,6.93821,0.104392,0.104500,1.55774,0.104770,0.104554,0.000194698,3.00000
240.927,25.8667,1.31002,0.249610,-999.000,0.249610,-888.000,0.249610,0.00000,2.00000
241.206,25.8928,0.0316659,-999.990,-999.000,3.92916,-888.000,3.92916,0.00000,0.00000
241.228,25.9083,2.87510,0.114354,-99.0000,1.58163,-888.000,1.58163,0.00000,0.00000
241.064,25.7925,0.549319,0.401879,0.401879,0.401879,-888.000,0.401879,1.54857e-07,3.00000
241.305,25.8969,1.69287,0.450906,0.450906,0.450906,0.450940,0.450915,1.69483e-05,3.00000
241.298,25.9166,3.10669,0.218226,0.218226,0.218226,0.217920,0.218150,0.000153030,3.00000
241.149,25.8888,0.144192,-999.990,-999.000,3.99693,-888.000,3.99693,0.00000,0.00000
240.851,25.8467,2.66732,0.217092,-999.000,0.217092,0.217090,0.217091,1.16143e-06,3.00000
240.939,25.8326,0.963410,0.206381,-999.000,0.206381,-888.000,0.206381,0.00000,2.00000
241.271,25.8382,3.37514,0.150550,-999.000,0.150550,0.150430,0.150510,6.92815e-05,3.00000
241.196,25.8604,2.50443,-5.57272e-05,-99.0000,-5.57272e-05,-888.000,-5.57272e-05,0.00000,2.00000
241.113,25.8768,1.12004,-999.990,-999.000,0.379470,-888.000,0.379470,0.00000,0.00000
241.073,26.0863,5.89730,0.0998237,-999.000,0.579462,-888.000,0.579462,0.00000,0.00000
240.821,26.0262,3.55294,-999.990,-999.000,0.378461,0.0999100,0.378461,0.00000,0.00000
240.744,26.0151,2.70032,0.171687,-999.000,0.171687,0.171840,0.171738,8.83289e-05,3.00000
240.860,26.0848,8.14585,0.0975469,-999.000,1.56613,0.0979400,0.0977435,0.000277964,2.00000
240.885,26.0021,5.68976,0.114354,-999.000,1.55873,0.114270,0.114312,5.93954e-05,2.00000
241.088,25.9501,0.0646570,-999.990,-999.000,0.0668425,-888.000,0.0668425,0.00000,0.00000
240.649,26.0020,1.05839,-999.990,-999.000,0.523998,-888.000,0.523998,0.00000,0.00000
241.036,26.0308,0.207645,-999.990,-999.000,3.91746,-888.000,3.91746,0.00000,0.00000
241.023,25.9391,1.48468,-999.990,-999.000,0.461564,-888.000,0.461564,0.00000,0.00000
240.911,26.0355,4.16089,0.0985621,0.0985621,0.0985621,-888.000,0.0985621,9.12506e-09,3.00000
240.632,25.9781,2.53361,0.172325,0.172325,0.172325,0.172370,0.172336,2.24491e-05,3.00000
240.952,26.0127,1.39247,-999.990,-999.000,0.417505,-888.000,0.417505,0.00000,0.00000
240.776,25.8931,0.658039,0.451049,-99.0000,0.451049,-888.000,0.451049,0.00000,2.00000
240.735,25.9818,7.02969,0.172043,-999.000,0.172043,0.171970,0.172019,4.21470e-05,3.00000
240.361,25.9313,1.64530,-999.990,-99.0000,0.412789,0.412380,0.412584,0.000289191,2.00000
240.891,25.9107,3.01124,0.207322,-999.000,1.57012,0.207530,0.207426,0.000147082,2.00000
240.856,26.0663,2.81784,-999.990,0.243000,1.61456,-888.000,1.61456,0.00000,0.00000
240.285,25.9466,-0.248553,-999.990,-999.000,0.460913,-888.000,0.460913,0.00000,0.00000
240.764,26.0586,0.128449,-999.990,-999.000,0.511080,-888.000,0.511080,0.00000,0.00000
240.384,26.0596,9.44546,0.0887735,0.0887735,0.0887735,0.0887200,0.0887601,2.67451e-05,3.00000
240.431,25.9196,3.28614,0.0873562,-999.000,0.0873562,0.0873700,0.0873608,7.96655e-06,3.00000
240.878,25.8822,6.03483,0.207229,0.207229,0.207229,-888.000,0.207229,1.29048e-07,3.00000
240.769,25.9332,3.12683,0.208156,-999.000,1.59788,0.208130,0.208143,1.83866e-05,2.00000
240.727,25.9566,3.12604,0.204745,-999.000,0.204745,0.204660,0.204717,4.90726e-05,3.00000
240.314,25.8756,3.55674,0.0354869,-999.000,0.0354869,0.0355700,0.0355146,4.79778e-05,3.00000
240.793,25.9211,1.03363,-999.990,-999.000,0.453614,-888.000,0.453614,0.00000,0.00000
241.074,25.8837,3.19107,0.217529,0.217529,0.217529,0.217520,0.217527,4.49030e-06,3.00000
240.812,25.9084,0.996708,-999.990,-99.0000,0.151770,-888.000,0.151770,0.00000,0.00000
241.201,26.0685,1.69043,0.0305924,0.0305924,0.0305924,-888.000,0.0305924,2.69279e-08,3.00000
240.460,25.8889,10.3400,0.0879582,-999.000,0.0879582,0.0878500,0.0879221,6.24721e-05,3.00000
241.302,26.0873,0.689768,-999.990,-99.0000,3.90777,-888.000,3.90777,0.00000,0.00000
241.287,26.0470,0.298112,-999.990,-99.0000,0.503676,-888.000,0.503676,0.00000,0.00000
241.260,26.0988,0.127335,-999.990,-999.000,0.0171758,-888.000,0.0171758,0.00000,0.00000
241.222,26.0513,4.50759,-999.990,-999.000,1.55626,0.104210,1.55626,0.00000,0.00000
240.925,26.1001,0.676811,0.0681717,0.0681717,0.0681717,-888.000,0.0681717,9.12506e-09,3.00000
241.056,26.1239,4.80326,0.0834146,0.0834146,0.0834146,-888.000,0.0834146,1.29048e-08,3.00000
241.167,26.1690,3.33696,0.151922,-999.000,1.56821,0.151920,0.151921,1.41192e-06,2.00000
241.024,26.0974,4.16940,0.122013,-999.000,0.122013,0.122090,0.122039,4.44527e-05,3.00000
241.121,26.1468,0.853868,-999.990,-99.0000,0.465091,-888.000,0.465091,0.00000,0.00000
241.130,26.0954,2.92557,0.177669,0.176000,1.68211,-888.000,1.68211,0.00000,0.00000
241.259,26.1505,3.14028,0.282514,-999.000,0.282514,0.282560,0.282529,2.65494e-05,3.00000
241.258,26.2009,-0.151123,-999.990,-999.000,0.533187,-888.000,0.533187,0.00000,0.00000
241.279,26.2199,1.30297,0.373799,0.374000,0.463984,-888.000,0.373900,0.000142140,2.00000
241.288,26.1879,0.0815574,-999.990,-999.000,3.89802,-888.000,3.89802,0.00000,0.00000
240.708,26.1789,1.93223,0.169898,0.169898,0.169898,0.169950,0.169911,2.60000e-05,3.00000
240.775,26.1738,2.66899,0.170729,-999.000,0.170729,-888.000,0.170729,0.00000,2.00000
240.566,26.0922,3.58616,0.259136,-999.000,0.259136,-888.000,0.259136,0.00000,2.00000
240.518,26.1185,2.47519,0.0313975,-999.000,0.0313975,0.0314100,0.0314017,7.21808e-06,3.00000
241.012,26.1938,-0.0775092,-999.990,-999.000,0.492534,-888.000,0.492534,0.00000,0.00000
241.154,26.2654,0.857826,0.207043,0.207043,0.207043,-888.000,0.207043,1.98247e-07,3.00000
240.751,26.1173,0.645192,-999.990,-999.000,0.540813,-888.000,0.540813,0.00000,0.00000
240.712,26.0706,3.84065,0.178557,0.178557,0.178557,0.178710,0.178595,7.64234e-05,3.00000
240.591,26.1109,3.72695,0.171988,0.172000,1.42056,0.172210,0.172066,0.000124848,3.00000
240.604,26.0656,4.02444,0.0884866,0.0885000,0.440615,0.0886200,0.0885355,7.34571e-05,3.00000
240.671,26.0701,-0.0492018,-999.990,-999.000,1.40289,-888.000,1.40289,0.00000,0.00000
241.130,26.1734,0.166868,-999.990,-999.000,0.554146,-888.000,0.554146,0.00000,0.00000
240.540,26.0696,11.0500,0.0712193,-999.000,0.0712193,0.0712000,0.0712129,1.11454e-05,3.00000
240.588,26.0067,2.61023,0.197819,0.197819,0.197819,0.197780,0.197809,1.94784e-05,3.00000
241.205,26.2891,1.28142,0.116430,-999.000,0.116430,-888.000,0.116430,0.00000,2.00000
240.813,26.0790,2.58886,0.131715,0.131715,0.131715,0.131660,0.131701,2.75602e-05,3.00000
241.042,26.2568,2.50438,0.0691061,-999.000,0.0691061,0.0691300,0.0691141,1.37995e-05,3.00000
241.004,26.2849,-0.413601,-999.990,-999.000,1.58978,-888.000,1.58978,0.00000,0.00000
240.959,26.1234,0.0758719,-999.990,-999.000,3.94083,-888.000,3.94083,0.00000,0.00000
241.038,26.3393,0.438272,-999.990,-99.0000,0.459777,-888.000,0.459777,0.00000,0.00000
240.797,26.2112,-0.137160,-999.990,-99.0000,0.834297,-888.000,0.834297,0.00000,0.00000
241.144,26.3491,6.08776,0.0698505,0.0700464,0.0700464,0.0699200,0.0699658,9.72702e-05,3.00000
241.098,26.3187,2.32833,0.116665,-999.000,1.67706,0.116460,0.116563,0.000144954,2.00000
240.953,26.2437,6.95847,0.106683,0.107000,1.61629,0.106880,0.106854,0.000160051,3.00000
241.074,26.2813,3.48995,0.115341,-999.000,0.115341,0.115340,0.115341,5.76446e-07,3.00000
240.993,26.1222,0.119874,-999.990,-999.000,0.454094,-888.000,0.454094,0.00000,0.00000
241.136,26.3719,2.77840,0.116797,0.116797,0.116797,0.117240,0.116908,0.000221523,3.00000
240.969,26.2907,6.28012,0.0884866,0.0887000,0.440840,0.0889400,0.0887089,0.000226833,3.00000
241.071,26.1489,2.44821,0.0431281,0.0431281,0.0431281,-888.000,0.0431281,0.00000,3.00000
241.203,26.4133,10.4376,0.0476637,-999.000,0.0476637,0.0477700,0.0476991,6.13730e-05,3.00000
241.197,26.4390,4.99576,0.113584,0.113500,1.56774,-888.000,0.113542,5.93954e-05,2.00000
240.850,26.4297,11.8873,0.0471842,-999.000,1.61614,0.0474800,0.0473321,0.000209162,2.00000
241.025,26.4021,6.10567,0.0691958,0.0691958,0.0691958,0.0690100,0.0691493,9.29000e-05,3.00000
240.796,26.3981,2.72434,0.216531,-99.0000,1.67165,-888.000,1.67165,0.00000,0.00000
241.003,26.3409,0.0283259,-999.990,-999.000,0.429836,-888.000,0.429836,0.00000,0.00000
241.168,26.4833,8.91808,0.0720698,0.0723000,1.61667,0.0724800,0.0722833,0.000205611,3.00000
241.184,26.4565,2.92446,0.0703295,0.0703295,0.0703295,0.0704500,0.0703596,6.02417e-05,3.00000
240.600,26.2537,5.12054,0.203649,-999.000,0.203649,0.203680,0.203659,1.78946e-05,3.00000
240.919,26.3060,0.00943318,-999.990,-999.000,0.551633,-888.000,0.551633,0.00000,0.00000
240.995,26.5112,0.255781,-999.990,-999.000,3.92053,-888.000,3.92053,0.00000,0.00000
240.792,26.3726,0.0793596,-999.990,-999.000,3.72372,-888.000,3.72372,0.00000,0.00000
240.649,26.1783,2.23804,0.0877349,0.0878000,0.874639,-888.000,0.0877675,4.60349e-05,2.00000
240.534,26.1873,2.79163,0.114716,-999.000,0.114716,-888.000,0.114716,0.00000,2.00000
240.953,26.4712,14.8967,0.0486319,0.0485000,0.806722,0.0489800,0.0487040,0.000247983,3.00000
240.648,26.1596,4.28615,0.132200,-999.000,1.50060,0.132070,0.132135,9.19223e-05,2.00000
240.998,26.4088,6.87151,0.121303,0.121000,0.843740,-888.000,0.121151,0.000214254,2.00000
240.939,26.3971,10.7498,0.106683,0.107000,1.56662,0.106760,0.106814,0.000165337,3.00000
240.528,26.1645,7.24806,0.0884866,0.0885000,0.874575,-888.000,0.0884933,9.47777e-06,2.00000
240.841,26.3401,5.74655,0.189563,0.189563,0.189563,0.189680,0.189592,5.85194e-05,3.00000
240.913,26.3594,2.93430,0.0451337,0.0451337,0.0451337,0.0451300,0.0451328,1.84348e-06,3.00000
240.922,26.3306,3.23861,0.190158,-999.000,0.190158,-888.000,0.190158,0.00000,2.00000
241.051,26.5576,2.86425,0.173608,-999.000,1.04321,0.173140,0.173374,0.000330927,2.00000
240.666,26.2218,-0.315985,-999.990,-999.000,0.547975,-888.000,0.547975,0.00000,0.00000
240.461,26.0906,5.74078,0.0894978,-999.000,0.0894978,0.0895600,0.0895185,3.59140e-05,3.00000
240.850,26.4466,2.93195,0.190676,0.190676,0.190676,0.190780,0.190702,5.20725e-05,3.00000
240.953,26.5993,11.6631,0.0493566,0.0497000,0.807652,0.0497600,0.0496055,0.000217660,3.00000
241.080,26.5528,2.16830,-999.990,0.118300,3.70344,0.118330,0.118315,2.12157e-05,2.00000
240.962,26.5308,3.46910,0.0500817,0.0485000,1.68572,0.0484200,0.0484600,5.65690e-05,2.00000
240.898,26.5266,5.08690,0.118501,0.118501,0.118501,0.118590,0.118523,4.45222e-05,3.00000
240.925,26.5640,-0.00614970,-999.990,-999.000,0.424337,-888.000,0.424337,0.00000,0.00000
240.859,26.4831,0.306332,-999.990,-999.000,1.47343,-888.000,1.47343,0.00000,0.00000
240.906,26.4673,6.01144,0.188555,0.188555,0.188555,-888.000,0.188555,4.47035e-08,3.00000
241.018,26.5831,5.91787,0.0322317,-999.000,0.0322317,0.0322100,0.0322245,1.25284e-05,3.00000
240.649,26.2909,-0.0256918,-999.990,-999.000,0.157146,-888.000,0.157146,0.00000,0.00000
240.765,26.5873,5.41897,0.168754,-99.0000,1.61587,-888.000,1.61587,0.00000,0.00000
240.949,26.4864,13.6390,0.0728107,-999.000,1.61657,0.0726700,0.0727403,9.94929e-05,2.00000
241.000,26.6395,2.32882,0.207787,-999.000,0.207787,0.207670,0.207748,6.75522e-05,3.00000
240.821,26.6287,2.08434,0.157506,-999.000,1.59569,-888.000,1.59569,0.00000,0.00000
240.863,26.6924,0.790566,-999.990,-999.000,1.55778,-888.000,1.55778,0.00000,0.00000
240.576,26.4077,2.59583,0.0907446,0.0904000,1.67640,0.0905300,0.0905582,0.000174021,3.00000
240.678,26.4916,2.44104,0.0451124,-999.000,0.0451124,0.0452300,0.0451516,6.78964e-05,3.00000
240.533,26.3543,3.52751,0.376225,0.376225,0.376225,0.376330,0.376251,5.24227e-05,3.00000
240.537,26.3253,10.0670,0.0727467,0.0727467,0.0727467,0.0727400,0.0727450,3.35529e-06,3.00000
240.774,26.5703,3.88201,0.169142,0.169142,0.169142,0.169280,0.169177,6.89899e-05,3.00000
240.563,26.3603,18.9663,0.0443340,0.0443340,0.0443340,0.0443200,0.0443305,7.00293e-06,3.00000
240.522,26.2957,3.85063,0.0888662,0.0888662,0.0888662,0.0888400,0.0888597,1.30994e-05,3.00000
240.601,26.2943,2.49010,0.0887162,-999.000,0.0887162,0.0887100,0.0887141,3.57893e-06,3.00000
240.937,26.7425,3.40176,0.0857206,0.0857206,0.0857206,0.0858300,0.0857479,5.47084e-05,3.00000
240.349,26.1161,16.5178,0.0888848,-999.000,0.0888848,0.0887400,0.0888365,8.36015e-05,3.00000
240.329,26.0758,7.97834,0.0877349,-999.000,1.60269,-888.000,1.60269,0.00000,0.00000
240.752,26.4689,6.12831,0.216540,-999.000,0.216540,-888.000,0.216540,0.00000,2.00000
240.393,26.1271,2.36335,0.0865506,-999.000,0.0865506,0.0865800,0.0865604,1.69741e-05,3.00000
240.240,25.9332,8.23628,0.0889650,0.0889650,0.0889650,0.0887800,0.0889188,9.25039e-05,3.00000
240.545,26.2101,7.75465,0.0737491,0.0737491,0.0737491,0.0738000,0.0737618,2.54537e-05,3.00000
240.621,26.3376,19.2181,0.0438383,0.0438383,0.0438383,-888.000,0.0438383,4.56253e-09,3.00000
240.721,26.3712,0.707845,0.0877349,-999.000,0.468781,0.0880800,0.0879074,0.000244020,2.00000
240.505,26.6038,5.36127,0.0896929,0.0896929,0.0896929,0.0895000,0.0896447,9.64490e-05,3.00000
240.651,26.3117,0.187625,-999.990,-999.000,1.55927,-888.000,1.55927,0.00000,0.00000
240.873,26.5356,0.145330,-999.990,-999.000,1.57759,-888.000,1.57759,0.00000,0.00000
240.489,26.5679,3.39052,0.148587,0.148587,0.148587,0.148440,0.148550,7.34504e-05,3.00000
240.927,26.7516,2.05137,0.0854835,0.0854835,0.0854835,0.0854700,0.0854801,6.74775e-06,3.00000
240.876,26.7163,3.06101,0.0703460,-999.000,0.0703460,0.0704300,0.0703740,4.85005e-05,3.00000
240.656,26.5247,3.24792,0.0450163,-99.0000,0.734541,0.0447900,0.0449032,0.000160018,2.00000
240.676,26.5689,3.04223,0.0737668,0.0737668,0.0737668,0.0738500,0.0737876,4.16065e-05,3.00000
240.863,26.7951,1.86371,0.145574,0.145700,1.04751,0.145750,0.145675,9.06911e-05,3.00000
240.873,26.7477,2.62714,0.132982,0.133000,1.55737,-888.000,0.132991,1.27283e-05,2.00000
240.631,26.4721,3.94568,0.0728444,0.0728444,0.0728444,0.0729000,0.0728583,2.77944e-05,3.00000
240.747,26.6028,6.37300,0.170370,-999.000,1.61106,0.170280,0.170325,6.36417e-05,2.00000
240.643,26.5903,1.11454,-999.990,-999.000,0.652959,5.00000e-05,0.652959,0.00000,0.00000
240.355,26.2178,4.80977,0.0892387,-999.000,1.55375,0.0892400,0.0892394,9.16694e-07,2.00000
240.288,26.1100,6.65396,0.0860896,0.0860896,0.0860896,0.0861700,0.0861097,4.01934e-05,3.00000
240.640,26.7095,4.57205,0.0899149,0.0899149,0.0899149,-888.000,0.0899149,9.12506e-09,3.00000
240.767,26.6823,2.87773,0.0922526,0.0920000,1.69323,0.0919500,0.0920675,0.000162209,3.00000
240.549,26.4185,3.57305,0.193519,-999.000,0.193519,-888.000,0.193519,0.00000,2.00000
240.718,26.6327,4.06936,0.0909965,-999.000,0.0909965,0.0910600,0.0910177,3.66625e-05,3.00000
240.533,26.5379,5.40479,0.191580,0.191500,1.66797,0.192020,0.191700,0.000280002,3.00000
240.594,26.4624,4.81102,0.209684,-999.000,0.209684,-888.000,0.209684,0.00000,2.00000
240.345,26.2776,5.09491,0.0892078,0.0892078,0.0892078,0.0891400,0.0891909,3.39026e-05,3.00000
240.499,26.4606,3.03545,0.0440652,0.0440652,0.0440652,0.0440100,0.0440514,2.76007e-05,3.00000
240.623,26.8177,2.55216,0.190757,0.191000,1.03951,-888.000,0.190879,0.000171822,2.00000
240.574,26.5358,3.07744,0.0894004,0.0894004,0.0894004,-888.000,0.0894004,7.45058e-09,3.00000
240.661,26.6364,5.06049,0.177669,0.177600,1.67823,0.178160,0.177810,0.000305351,3.00000
240.752,26.8378,2.36664,0.222427,0.222200,1.51620,-888.000,0.222313,0.000160506,2.00000
240.370,26.1798,3.94977,0.0890955,-999.000,0.0890955,0.0890600,0.0890837,2.04971e-05,3.00000
240.756,26.7736,3.46553,0.107447,-999.000,1.61694,0.107100,0.107274,0.000245363,2.00000
240.788,26.8037,9.24103,0.0922526,-999.000,1.61323,0.0921800,0.0922163,5.13349e-05,2.00000
240.741,26.8562,2.07678,0.000595093,-999.000,0.000595093,0.000320000,0.000503395,0.000158825,3.00000
240.585,26.7255,2.45668,0.429957,-99.0000,1.61854,-888.000,1.61854,0.00000,0.00000
240.645,26.7877,1.75596,0.190757,0.190600,1.02754,-888.000,0.190679,0.000111025,2.00000
240.276,26.5680,4.58639,0.274807,0.274807,0.274807,-888.000,0.274807,1.21058e-07,3.00000
240.165,26.4153,2.61793,0.0901852,0.0901852,0.0901852,0.0901400,0.0901739,2.26088e-05,3.00000
240.644,26.7395,9.27792,0.000513794,-999.000,0.627765,-0.000160000,0.000176897,0.000476444,2.00000
240.186,26.4163,3.03514,0.193136,-999.000,0.193136,0.193150,0.193141,8.07839e-06,3.00000
240.212,26.4185,6.63511,0.0899584,0.0899584,0.0899584,0.0899300,0.0899513,1.41971e-05,3.00000
240.463,26.7304,4.51938,0.152718,-999.000,1.61591,0.152430,0.152574,0.000203643,2.00000
240.659,26.8944,0.977082,-999.990,-99.0000,3.69345,-888.000,3.69345,0.00000,0.00000
240.498,26.8315,2.15633,0.227610,0.227610,0.227610,0.227240,0.227518,0.000185070,3.00000
240.126,26.2186,7.28612,0.115090,0.115090,0.115090,-888.000,0.115090,2.75319e-07,3.00000
240.712,26.8045,6.60244,0.0489400,-999.000,0.0489400,0.0490800,0.0489867,8.08291e-05,3.00000
240.216,26.1911,3.86679,0.0877349,-999.000,0.509774,-888.000,0.509774,0.00000,0.00000
240.147,26.0188,3.19067,0.222487,-999.000,0.222487,0.223150,0.222708,0.000382782,3.00000
240.631,26.8689,2.69871,0.0691117,0.0688000,1.61415,-888.000,0.0689559,0.000220402,2.00000
240.466,26.6946,3.14001,0.222070,0.222070,0.222070,0.222210,0.222105,6.99982e-05,3.00000
240.571,26.7322,2.81017,0.327712,-999.000,0.327712,-888.000,0.327712,0.00000,2.00000
240.431,26.5084,10.0370,0.0907446,0.0907000,1.57938,0.0909100,0.0907849,0.000110641,3.00000
240.493,26.9532,2.21922,-999.990,-99.0000,1.04634,0.103970,1.04634,0.00000,0.00000
240.512,26.9498,1.17776,0.104491,-999.000,0.104491,-888.000,0.104491,0.00000,2.00000
240.453,26.5120,3.13553,0.0975078,0.0975078,0.0975078,0.0975100,0.0975084,1.09781e-06,3.00000
240.536,26.9082,3.84636,0.219883,-999.000,0.219883,-888.000,0.219883,0.00000,2.00000
240.183,26.2576,3.12105,0.0911024,-999.000,0.0911024,0.0912500,0.0911516,8.52189e-05,3.00000
240.501,26.6222,6.04303,0.114354,0.114300,1.57097,0.114450,0.114368,7.59749e-05,3.00000
240.607,26.8244,2.66406,0.189974,0.189974,0.189974,-888.000,0.189974,4.34440e-08,3.00000
240.206,26.1973,3.72900,0.0633775,-999.000,0.0633775,0.0633900,0.0633817,7.21808e-06,3.00000
240.560,26.7596,4.34764,-0.000102027,-999.000,-0.000102027,-888.000,-0.000102027,0.00000,2.00000
240.234,26.3109,5.64024,0.0923238,0.0923238,0.0923238,0.0922700,0.0923103,2.68929e-05,3.00000
240.266,26.1752,6.01124,-8.96853e-05,-999.000,-8.96853e-05,-888.000,-8.96853e-05,0.00000,2.00000
240.291,26.3982,7.27040,0.0990642,0.0991000,1.56657,0.0989200,0.0990281,9.52841e-05,3.00000
240.249,26.1679,8.53784,0.0882171,0.0882171,0.0882171,-888.000,0.0882171,1.58051e-08,3.00000
240.345,26.8921,2.21070,0.0912969,-999.000,0.0912969,0.0913900,0.0913279,5.37527e-05,3.00000
240.388,26.5337,3.47655,0.128435,-999.000,0.128435,0.128480,0.128450,2.59816e-05,3.00000
240.320,26.3020,4.51428,0.0912646,-999.000,0.0912646,0.0913600,0.0912964,5.50819e-05,3.00000
240.392,26.3722,1.30593,0.173502,-999.000,0.173502,0.173380,0.173461,7.04343e-05,3.00000
240.317,26.1984,5.19956,0.0903218,-999.000,0.0903218,0.0903700,0.0903379,2.78270e-05,3.00000
240.470,26.7922,5.97744,0.166817,-999.000,0.166817,0.166880,0.166838,3.63743e-05,3.00000
240.312,26.6918,6.16420,0.0875923,0.0875923,0.0875923,0.0875900,0.0875917,1.14990e-06,3.00000
240.336,26.9878,0.714653,-999.990,-99.0000,3.70516,-888.000,3.70516,0.00000,0.00000
240.442,26.9540,0.881243,-999.990,-99.0000,3.68476,0.103070,3.68476,0.00000,0.00000
240.350,26.7123,1.82666,0.383321,-999.000,1.06358,0.382720,0.383020,0.000424967,2.00000
240.350,26.9571,0.326978,-999.990,-999.000,3.91474,-888.000,3.91474,0.00000,0.00000
240.094,26.4889,11.0713,0.000230553,-999.000,0.000230553,0.000130000,0.000197035,5.80543e-05,3.00000
240.304,26.8873,2.28805,0.282977,-999.000,0.282977,0.283590,0.283181,0.000353901,3.00000
240.086,26.3395,22.1955,-0.000574544,-0.000574544,-0.000574544,-888.000,-0.000574544,0.00000,3.00000
240.404,26.8277,2.07189,0.216598,0.216598,0.216598,0.216940,0.216683,0.000171046,3.00000
240.280,26.9662,4.38307,0.0899914,0.0900000,1.61378,0.0900000,0.0899971,4.96834e-06,3.00000
240.087,26.2886,9.11889,0.118209,0.118400,1.56854,0.118770,0.118460,0.000285223,3.00000
240.129,26.5452,3.37849,-999.990,0.0479500,0.609273,0.0479800,0.0479650,2.12130e-05,2.00000
240.103,26.2894,4.58592,0.117334,0.117334,0.117334,0.117540,0.117386,0.000102947,3.00000
240.174,26.8123,1.52614,-999.990,-99.0000,0.461674,-888.000,0.461674,0.00000,0.00000
240.333,26.8486,3.22743,0.236034,-999.000,0.236034,0.235930,0.235999,6.00503e-05,3.00000
240.153,26.4629,3.32212,0.0929873,0.0929873,0.0929873,0.0929000,0.0929655,4.36455e-05,3.00000
240.205,26.5185,3.35369,0.0869063,0.0869063,0.0869063,0.0869300,0.0869122,1.18514e-05,3.00000
240.169,26.9172,1.15218,0.0890772,-99.0000,0.0890772,0.0896200,0.0892581,0.000313388,3.00000
240.125,26.3188,5.26454,0.0849551,0.0849551,0.0849551,0.0850400,0.0849763,4.24447e-05,3.00000
240.186,26.5304,2.02508,0.229211,-999.000,0.229211,-888.000,0.229211,0.00000,2.00000
240.270,26.6403,1.13125,-999.990,0.258400,1.60515,-888.000,1.60515,0.00000,0.00000
240.232,26.6170,6.04006,0.0877674,-999.000,0.0877674,0.0878900,0.0878083,7.07827e-05,3.00000
240.253,26.7701,4.65865,0.0804677,0.0804677,0.0804677,0.0804700,0.0804683,1.15617e-06,3.00000
240.111,26.7286,3.21474,0.0245390,0.0245390,0.0245390,0.0245400,0.0245393,4.93669e-07,3.00000
240.165,26.9896,9.07440,0.0907446,-999.000,1.60605,0.0907700,0.0907573,1.79598e-05,2.00000
240.118,26.6312,2.87064,-999.990,-99.0000,2.06963,2.06877,2.06920,0.000608095,2.00000
240.290,26.6215,0.0665889,-999.990,-999.000,1.60286,-888.000,1.60286,0.00000,0.00000
240.223,26.5529,4.06841,0.168357,-999.000,0.168357,0.168360,0.168358,1.72934e-06,3.00000
240.291,26.7611,1.18054,-999.990,-99.0000,0.245000,-888.000,0.245000,0.00000,0.00000
240.255,26.5826,6.57694,0.153515,0.154000,1.57042,-888.000,0.153757,0.000342949,2.00000
240.152,26.7680,-0.118903,-999.990,-999.000,3.77178,-888.000,3.77178,0.00000,0.00000
240.079,26.7943,6.38803,0.0892387,0.0895000,1.60772,0.0896500,0.0894629,0.000208142,3.00000
240.105,26.9470,2.25769,-999.990,0.0956000,1.60623,0.0953200,0.0954600,0.000197990,2.00000
240.131,26.9560,2.45177,-999.990,-99.0000,1.61487,0.932750,1.61487,0.00000,0.00000
240.313,26.7609,3.09362,0.0884866,-999.000,0.469854,-888.000,0.469854,0.00000,0.00000
240.159,26.8730,5.93758,0.0648881,0.0648881,0.0648881,0.0648700,0.0648836,9.05621e-06,3.00000
239.997,26.8258,2.08128,-999.990,-99.0000,1.06009,-888.000,1.06009,0.00000,0.00000
240.315,26.8192,1.47339,0.374698,-99.0000,0.374698,-888.000,0.374698,0.00000,2.00000
240.111,26.8257,3.58351,0.0914983,0.0920000,1.59908,0.0917500,0.0917494,0.000250850,3.00000
240.045,26.9439,1.83409,0.146365,-999.000,1.05224,0.146690,0.146527,0.000229806,2.00000
240.080,26.9719,1.37070,-999.990,-99.0000,3.70146,0.0862900,3.70146,0.00000,0.00000
240.063,26.9868,0.527388,0.423698,-999.000,0.423698,-888.000,0.423698,0.00000,2.00000
240.039,26.7870,3.95557,0.0866076,-99.0000,0.0866076,0.0867200,0.0866451,6.48939e-05,3.00000
239.998,26.9302,2.79985,0.0894235,-999.000,0.0894235,0.0892300,0.0893590,0.000111717,3.00000
240.074,26.6527,0.387422,-999.990,-999.000,0.160433,-888.000,0.160433,0.00000,0.00000
239.982,26.9562,8.99051,0.102867,0.102800,1.55347,0.102970,0.102879,8.56327e-05,3.00000
240.100,26.6046,2.88546,0.168744,0.168744,0.168744,0.168770,0.168750,1.30749e-05,3.00000
239.904,26.6798,-0.0640414,-999.990,-999.000,0.548693,-888.000,0.548693,0.00000,0.00000
239.920,26.5624,4.71143,0.0922526,0.0924000,1.53046,-888.000,0.0923263,0.000104229,2.00000
239.933,26.6024,4.63448,0.0902301,-999.000,0.0902301,-888.000,0.0902301,0.00000,2.00000
239.951,26.5084,4.89733,0.0870538,0.0870538,0.0870538,-888.000,0.0870538,1.74732e-08,3.00000
240.102,26.6764,13.0243,0.0897921,-999.000,0.0897921,0.0899100,0.0898314,6.80684e-05,3.00000
239.960,26.9215,7.81763,0.0914983,-999.000,1.56457,0.0915800,0.0915392,5.77728e-05,2.00000
239.936,26.9583,2.47033,0.125183,-999.000,1.56824,0.124830,0.125006,0.000249609,2.00000
239.987,26.4079,20.7352,0.0766324,0.0766324,0.0766324,0.0766200,0.0766293,6.21009e-06,3.00000
240.032,26.3388,3.33121,0.0884866,0.0886000,1.67276,0.0886500,0.0885789,8.37281e-05,3.00000
239.969,26.9522,2.47877,0.103629,-999.000,1.54592,0.103940,0.103785,0.000219912,2.00000
240.012,26.3768,3.74448,0.193260,0.193260,0.193260,0.193260,0.193260,2.31008e-07,3.00000
240.036,26.4178,2.19769,0.0878291,0.0878291,0.0878291,0.0878400,0.0878318,5.45759e-06,3.00000
239.888,26.8671,3.12310,0.0869838,-99.0000,1.59033,0.0873700,0.0871769,0.000273085,2.00000
240.043,26.5149,6.54865,0.0942795,-999.000,0.0942795,0.0942600,0.0942730,1.12573e-05,3.00000
240.057,26.3068,1.01020,0.193227,-999.000,1.46946,-888.000,1.46946,0.00000,0.00000
240.004,26.6648,1.51933,0.366660,0.366660,0.366660,0.366750,0.366682,4.50665e-05,3.00000
239.983,26.7620,3.59544,0.102105,0.101800,1.61689,0.101780,0.101895,0.000182140,3.00000
240.021,26.5301,5.70093,0.0899332,-999.000,0.0899332,-888.000,0.0899332,0.00000,2.00000
239.822,26.7961,1.54961,-999.990,-999.000,1.58360,0.0909300,1.58360,0.00000,0.00000
239.867,26.6589,12.4516,0.0877349,0.0880000,1.55667,0.0879300,0.0878883,0.000137381,3.00000
239.863,26.9368,3.27814,0.164724,0.165000,1.60506,0.165150,0.164958,0.000216081,3.00000
240.035,26.6842,1.61386,0.516553,-999.000,0.516553,0.516440,0.516515,6.52466e-05,3.00000
239.834,26.8958,8.75223,0.0862332,0.0865000,1.56779,0.0865800,0.0864377,0.000181592,3.00000
239.975,26.8603,-0.0856307,-999.990,-999.000,0.373922,-888.000,0.373922,0.00000,0.00000
239.881,26.6877,2.45408,0.0899914,0.0896518,0.0896518,0.0896700,0.0897412,0.000166987,3.00000
240.039,26.7195,4.18437,0.178629,0.178629,0.178629,0.178370,0.178564,0.000129538,3.00000
239.782,26.7626,9.02755,0.0862332,0.0860000,1.56769,0.0860500,0.0860944,0.000122775,3.00000
239.848,26.9218,0.510256,-999.990,-99.0000,1.54391,0.0868400,1.54391,0.00000,0.00000
239.883,26.7423,3.77294,0.0905128,-999.000,0.0905128,-888.000,0.0905128,0.00000,2.00000
239.893,26.7620,4.19148,0.0998237,-999.000,1.56640,0.101310,1.56640,0.00000,0.00000
239.773,26.8901,6.75470,0.0945184,0.0945000,1.56333,0.0945100,0.0945095,9.21297e-06,3.00000
239.805,26.7530,3.29143,0.102899,0.102899,0.102899,-888.000,0.102899,3.07195e-08,3.00000
239.751,26.8422,2.87986,0.0963682,0.0963682,0.0963682,0.0963600,0.0963661,4.10031e-06,3.00000
239.794,26.8926,1.48036,0.0879687,-999.000,0.0879687,0.0880500,0.0879958,4.69390e-05,3.00000
