TARGID,MAG_R,MAG_G,SNR,WEAVE_RA,WEAVE_DEC,CSV_RA,CSV_DEC,FLAG_Z,Z_FINAL,D_along,D_fil,is_member,nspec,timesc,err_lo,err_hi,t99,err_lo_t99,err_hi_t99,D_along_2D,D_fil_2D,is_member_2D
A2142-2538,18.5488,19.5135,9.647835731506348,239.4519037,26.5164597,239.452,26.5164,3.0,0.0902219,3.188441374895403,4.515748484821371,True,5,2.344326266677956,1.579516234572142,3.076020946863202,6.501546999224899,1.579516234572142,3.076020946863202,3.1391500838979387,1.9115635727239688,False
A2142-2649,19.2129,19.9198,7.643599510192871,239.5912847,26.4329971,239.591,26.433,3.0,0.0854734,3.599221187804293,9.759461644191036,False,6,0.2728679934390605,0.2466813759840018,0.7586752691702969,11.747163909251006,0.2466813759840018,0.7586752691702969,3.7366345782717296,1.5774712050263706,False
A2142-7614,18.8543,19.4835,6.226874828338623,239.9890324,26.1963247,239.989,26.1963,3.0,0.0861621,5.275969915874445,7.698167327138904,False,8,2.182234947472063,1.8559604950886897,2.2565940339244257,12.14648331494857,1.8559604950886897,2.2565940339244257,5.43442016267322,0.6173208635715817,False
A2142-2537,19.4497,20.3764,5.592811584472656,239.4771412,26.5575165,239.477,26.5575,3.0,0.0875949,2.9789433622449364,3.898423444949108,True,11,5.820657337362245,4.672556755686302,1.532756837767196,11.948348726676542,4.672556755686302,1.532756837767196,3.0191455941716727,1.7347291923226753,False
A2142-2648,19.383,20.2359,6.668150424957275,239.6885365,26.5764398,239.689,26.5764,2.0,0.087253,3.2763681532023656,4.581350483906342,True,16,1.1584588218180656,0.8760836637075347,0.6486296256796305,12.403793152971446,0.8760836637075347,0.6486296256796305,3.333351435898571,0.9271411954147837,False
A2142-2766,18.77,19.7173,12.200872421264648,239.7066373,26.3753764,239.707,26.3753,2.0,0.0865622,4.080901668771004,6.617003663472845,True,17,1.319827098941294,0.7044335600283167,1.6566800829225106,11.227316380479577,0.7044335600283167,1.6566800829225106,4.184391171830812,1.2766491005521794,False
A2142-7628,18.4453,19.2092,13.802515029907228,240.0017109,26.0657349,240.002,26.0658,3.0,0.0905921,6.107906300434359,5.170807415741477,True,24,2.257064606041638,1.6477929869403063,1.8531833676309968,12.191899383038962,1.6477929869403063,1.8531833676309968,5.989384651382463,0.8396445695744986,False
A2142-2453,19.6509,20.0094,4.549573421478272,239.448743,26.6331131,239.449,26.6332,3.0,0.0863811,2.5882973990884066,7.1934995704418325,False,26,6.650740674919821,4.651229162258187,1.2621421041621987,10.709323857023518,4.651229162258187,1.2621421041621987,2.6593960184604937,1.6811938177001575,False
A2142-8587,18.9613,19.791,9.210698127746582,239.544911,26.7026441,239.545,26.7026,3.0,0.0922742,2.652862285634741,10.081364821415557,False,27,0.8071034277806337,0.6391919460549698,1.3514650971625746,10.60326127606185,0.6391919460549698,1.3514650971625746,2.5548869193933106,1.1879588987740475,False
A2142-2550,19.3622,20.204,6.671457290649414,239.5836791,26.527825,239.584,26.5278,3.0,0.0882889,3.3182786856781714,2.052739221172399,True,28,0.9977622325083652,0.8683294737417513,1.8729009451064336,4.316902042725618,0.8683294737417513,1.8729009451064336,3.3371218533118663,1.4089218725739328,False
A2142-2768,18.8829,19.8698,9.43881607055664,239.8061429,26.4389617,239.806,26.439,3.0,0.0868414,4.020680588418559,5.740490192614377,True,29,0.3767491334182571,0.3242771622281801,0.9965051574396656,3.358985743503273,0.3242771622281801,0.9965051574396656,4.109634436217129,0.7831370257133026,False
A2142-2658,18.6134,19.6033,13.679458618164062,239.7519866,26.5047543,239.752,26.5047,3.0,0.0875708,3.69121955959675,3.6727367697906477,True,30,2.0846772391647037,1.2379729435692202,1.7518568178866412,10.955874926505764,1.2379729435692202,1.7518568178866412,3.7420444965449655,0.8444268256919057,False
A2142-2560,19.6753,20.5362,5.918680667877197,239.6145668,26.6163775,239.615,26.6164,3.0,0.0843384,2.884608046844357,12.95462859239245,False,35,4.464779565147731,3.4848444480129945,1.1895563323451253,12.14350092779956,3.4848444480129945,1.1895563323451253,3.0343029066924467,1.1134527242236634,False
A2142-2536,18.8861,19.8017,9.703653335571287,239.4864481,26.5772419,239.487,26.5773,2.0,0.0875275,2.9146827797758292,4.042224960568813,True,37,4.298805548133959,1.6577845569463836,0.6242769803593724,12.138460571562964,1.6577845569463836,0.6242769803593724,2.956249757222072,1.6600317273558447,False
A2142-2783,19.9631,20.9084,4.415162563323975,239.805189,26.462092,239.805,26.4621,3.0,0.0870666,3.936893934859353,5.088864119632752,True,41,3.9797328499110014,2.126829313820965,0.8847345072426815,12.145567899631107,2.126829313820965,0.8847345072426815,4.013779778179172,0.7389026021427216,False
A2142-2443,18.7863,19.3965,6.695701599121094,239.4168843,26.6089573,239.417,26.6089,3.0,0.0906761,2.7543660099099068,5.712693458392533,True,47,7.348189784499061,2.318024456769036,0.7198424576253242,12.224692559524522,2.318024456769036,0.7198424576253242,2.6984652230971293,1.846985558622792,False
A2142-2528,19.461,20.418,7.86734676361084,239.6158242,26.6401432,239.616,26.6401,3.0,0.0852545,2.824778114365034,10.311391138933882,False,48,7.51450884869597,4.745631013140125,2.049546714738904,11.773311748801376,4.745631013140125,2.049546714738904,2.9400162391908333,1.05973337304677,False
A2142-3948,19.7728,20.5738,3.7885372638702393,239.71672,26.8817446,239.717,26.8817,3.0,0.0934347,2.253404144750581,13.357665455569537,False,49,1.69096340095901,1.337925142520401,1.2060508127992478,11.932589852455328,1.337925142520401,1.2060508127992478,2.1437623278345415,0.19432295163459168,True
A2142-8593,18.3318,19.2956,12.614052772521973,239.6138098,26.6759421,239.614,26.6759,3.0,0.0865533,2.7214695191991867,6.576941961252642,True,55,0.9313074341905568,0.7004349660940292,1.5705753394314117,7.144039678439861,0.7004349660940292,1.5705753394314117,2.7907661543126987,0.9930153241751828,False
A2142-2644,19.9549,20.608,5.854259967803955,239.6589388,26.6053741,239.659,26.6054,3.0,0.0842882,3.003328720174742,13.090218718957935,False,59,1.554806498815931,1.269056186345666,2.089108318923089,9.730043828156331,1.269056186345666,2.089108318923089,3.161032065193468,0.9749423051540348,False
A2142-8710,19.4075,20.3008,7.984116554260254,239.738418,26.6676404,239.738,26.6676,2.0,0.0861882,2.966342100094034,7.581256395399461,False,64,1.5120408448309917,1.2303724423395108,1.0666517780984552,11.918175111190289,1.2303724423395108,1.0666517780984552,3.054520417995783,0.5575302530926589,False
A2142-2664,19.7686,20.6057,7.067630767822266,239.7349443,26.5291816,239.735,26.5292,3.0,0.0861326,3.504761248507796,7.774742799101445,False,71,3.5444231796788817,2.7767731959420408,2.0712599895603745,7.405628535558379,2.7767731959420408,2.0712599895603745,3.6112313544050583,0.8559887093589824,False
A2142-2892,19.3501,20.1182,5.934085369110107,239.9664706,26.4165248,239.966,26.4166,3.0,0.0892056,4.516652268983559,1.158082000827559,True,75,3.698343993735927,2.0603541233798266,0.8851828176281726,12.139631189608066,2.0603541233798266,0.8851828176281726,4.496507577128178,0.2473528892667006,True
A2142-5379,18.4935,19.4851,14.673322677612305,239.5556863,26.748167,239.556,26.7481,3.0,0.0873369,2.351156595866058,4.362976692958112,True,77,0.3345661243398456,0.2823544128774804,0.9145205827303168,7.524200763509396,0.2823544128774804,0.9145205827303168,2.3897935007978655,1.05461308212816,False
A2142-2907,19.9556,20.8176,4.91744327545166,239.9352105,26.4031735,239.935,26.4032,3.0,0.090905,4.597704929558667,6.046842975399938,True,81,5.983136345876279,4.545667450439311,2.0691638597432043,11.650901305153353,4.545667450439311,2.0691638597432043,4.493271927492463,0.38768565716826525,True
A2142-8709,19.3439,20.2754,7.877060890197754,239.6959318,26.627711,239.696,26.6278,3.0,0.0861387,3.046198302850118,7.74497600228145,False,85,6.931991683122593,4.873965341274596,1.3029377913533209,12.23808057207694,4.873965341274596,1.3029377913533209,3.1385196918032476,0.79434458731872,False
A2142-2659,17.7657,18.7516,19.032527923583984,239.6944283,26.4142223,239.694,26.4142,3.0,0.0870759,3.9275691395102954,5.157523425851439,True,92,0.8879571772502934,0.718814220387707,1.863139273004793,11.571391108677004,0.718814220387707,1.863139273004793,4.003853190530251,1.240850754873632,False
A2142-8586,19.5743,20.3116,5.308969497680664,239.550892,26.7175172,239.551,26.7175,3.0,0.086701,2.447377823105802,6.1766477959263595,True,93,5.487736812032783,2.6499152381230173,1.4430994166418856,12.188205505060347,2.6499152381230173,1.4430994166418856,2.5054992227941346,1.1354571172796342,False
A2142-8874,19.0173,19.9638,10.20486831665039,239.9230876,26.4963629,239.923,26.4964,3.0,0.0907601,4.180218643331696,5.6282809774852085,True,94,3.668680654118933,2.986045919350424,1.9354135199796136,11.114281226897251,2.986045919350424,1.9354135199796136,4.0916632342764325,0.2403331845448299,True
A2142-4147,19.2413,20.1299,7.62812614440918,239.4979537,26.7612343,239.498,26.7613,3.0,0.0867979,2.1806157219255975,5.919224546705226,True,95,0.8018825338186555,0.6801753453481845,1.0792733690951548,5.568399978837053,0.6801753453481845,1.0792733690951548,2.229956053896121,1.2370478550064277,False
A2142-7622,18.0551,19.0474,18.60007667541504,239.9550985,26.0799308,239.955,26.0799,3.0,0.0912373,6.002834676378437,7.035097207224125,False,107,0.9305292959629412,0.6812344871079112,1.993690578865932,11.290817473846351,0.6812344871079112,1.993690578865932,5.845536332805027,0.9803087234386029,False
A2142-6138,19.7008,20.5979,6.441014289855957,239.3057901,26.0752398,239.306,26.0753,3.0,0.0940135,4.9270972696948565,15.381609157999366,False,109,1.186339461328232,0.8616694966003093,3.044819421398298,11.4148617615584,0.8616694966003093,3.044819421398298,4.659086638738863,3.3594336825300175,False
A2142-7243,19.3308,19.5244,8.131629943847656,239.3383497,26.3352846,239.338,26.3353,3.0,0.0921321,3.7987607972171595,9.971769553283785,False,131,6.902250320965856,4.641387722541876,1.2969208833412695,12.22571834744912,4.641387722541876,1.2969208833412695,3.6639957861050054,2.7005382613363413,False
A2142-7166,19.7581,20.3955,5.333491325378418,239.3156116,26.5028903,239.316,26.5029,2.0,0.0849637,2.8164304179727693,11.352635431534619,False,133,6.525228829126751,3.334039012681252,1.490275216548203,11.499447708996192,3.334039012681252,1.490275216548203,2.9411776253624806,2.4350651780658406,False
A2142-1156,19.1415,19.8631,6.66581916809082,239.2889821,26.3146407,239.289,26.3147,3.0,0.0885146,3.644364047718801,3.039468858271268,True,135,1.21395365311556,0.8395680268570445,1.12837890802734,12.286633029581996,0.8395680268570445,1.12837890802734,3.6558906502741118,2.9230873476295716,False
A2142-1161,17.8233,18.8642,21.77425765991211,239.3418792,26.3057251,239.342,26.3057,3.0,0.0848579,3.625375855870704,11.728416550344699,False,143,6.540887591126921,2.953876243110333,1.5385453369846207,11.573451614059026,2.953876243110333,1.5385453369846207,3.790587791184251,2.7490857906652297,False
A2142-1425,19.3455,20.1253,6.824147701263428,239.7069283,26.0489288,239.707,26.049,3.0,0.0885769,5.498712284178377,2.069533446354339,True,146,6.336523036956535,2.929417271230399,1.3560751837587866,12.02046304861561,2.929417271230399,1.3560751837587866,5.512297932991228,1.9500809037140385,False
A2142-7236,18.413,19.3613,15.905747413635254,239.416542,26.2828422,239.417,26.2828,2.0,0.0843037,3.822437395046083,13.2526183891179,False,147,5.8243728505519154,3.401261589667971,1.9386478277664436,11.6968005812177,3.401261589667971,1.9386478277664436,4.022425400066627,2.5247415282161367,False
A2142-7723,18.0283,19.0205,17.306434631347656,240.1476628,26.0635514,240.148,26.0635,2.0,0.088597,6.253320167098148,0.7288094835415518,True,174,0.3659697939123028,0.2795736951438787,1.584064065645202,4.824011650620768,0.2795736951438787,1.584064065645202,6.26737507201996,0.3163192072255134,True
A2142-4197,18.1206,19.1016,12.822839736938477,239.8339761,26.895839,239.834,26.8958,3.0,0.0864377,2.24199717513852,6.837668845720421,True,193,4.135579474671149,3.110103311083237,0.9466345907152904,12.057549113563198,3.110103311083237,0.9466345907152904,2.302102717744707,0.2605861181748453,True
A2142-4174,19.0092,19.9427,10.213212013244627,239.7728806,26.8900754,239.773,26.8901,3.0,0.0945095,2.3526406404405917,16.4510161911216,False,195,1.084872069394959,0.7841474719045385,1.9633402413790657,7.881050740542687,0.7841474719045385,1.9633402413790657,2.213229254817101,0.028405917451992647,True
A2142-8754,19.8956,20.5644,3.420993089675904,239.881285,26.6876629,239.881,26.6877,3.0,0.0897412,3.269830211321973,2.696198644173549,True,196,0.7641518106991585,0.5784798238422084,1.5082636073162456,8.397597252532208,0.5784798238422084,1.5082636073162456,3.236190554072635,0.020332421701514412,True
A2142-9026,18.9603,19.9174,9.967796325683594,240.0426794,26.5148298,240.043,26.5149,3.0,0.094273,4.492286009163288,15.745392665789788,False,197,2.669900214705775,1.5057456536947535,3.64892669737155,8.298485819123373,1.5057456536947535,3.64892669737155,4.2364707992816815,0.2380265872972313,True
A2142-8707,18.6834,19.6855,13.570667266845703,239.7820424,26.7626213,239.782,26.7626,3.0,0.0860944,2.6663661623639823,7.8316726944150785,False,202,1.1906957733398118,0.8199823934640451,1.6471109320695858,5.244796974168136,0.8199823934640451,1.6471109320695858,2.748563407919241,0.20329783826815676,True
A2142-9015,19.1708,19.9796,8.517729759216309,240.0214666,26.5300994,240.021,26.5301,2.0,0.0899332,4.187066046574376,3.2429306845860513,True,206,0.8213943056732491,0.6525967710166158,1.4715744807449225,8.908516381987491,0.6525967710166158,1.4715744807449225,4.135313468585615,0.19241024534052295,True
A2142-8739,19.9974,20.835,5.540243148803711,239.8826354,26.7422867,239.883,26.7423,2.0,0.0905128,3.0734309854807216,4.926318301727586,True,213,4.573642034690498,3.692574894505985,2.0804317517718003,10.957965529256224,3.692574894505985,2.0804317517718003,3.0163812286974467,0.12207352954779033,True
A2142-8732,17.7409,18.7224,17.980850219726562,239.8667652,26.6589415,239.867,26.6589,3.0,0.0878883,3.2928452681246845,2.655540763141146,True,214,5.115668387155618,1.7524868596243066,1.6385447442635712,6.70399724305199,1.7524868596243066,1.6385447442635712,3.3263522155125327,0.11055439824011384,True
A2142-4456,18.013,19.0139,19.01760482788086,240.1015275,26.6764482,240.102,26.6764,3.0,0.0898314,3.7282868230434527,3.053347642434144,True,217,0.3958321336713166,0.334006051428942,0.9811265124968068,3.9713321094057847,0.334006051428942,0.9811265124968068,3.686296977154836,0.7821035698553785,False
A2142-4216,19.6477,20.3846,3.928624391555786,239.9975793,26.9301887,239.998,26.9302,3.0,0.089359,2.477683834890598,1.8510911422181398,True,222,2.0310909222203097,1.6327441779813547,1.9681356912374597,12.312046771136526,1.6327441779813547,1.9681356912374597,2.462479864482891,0.9249657270611391,False
A2142-8858,19.9147,20.499,6.263425827026367,239.9333552,26.6023325,239.933,26.6024,2.0,0.0902301,3.7373586780783397,4.100758492511796,True,224,4.516308598479252,2.905013601664983,1.936755067920206,12.049452258016288,2.905013601664983,1.936755067920206,3.679253559626757,0.03111904662513395,True
A2142-4314,19.5226,20.3601,5.527640342712402,240.0389174,26.7869579,240.039,26.787,3.0,0.0866451,3.0471175429633504,6.289338135021665,True,229,0.8382380110063172,0.6222880151856165,2.357405186761255,5.934214950600509,0.6222880151856165,2.357405186761255,3.121456972632753,0.781009705425414,False
A2142-8887,19.2888,20.4409,7.366325855255127,239.9198686,26.5623141,239.92,26.5624,2.0,0.0923263,3.965899697206747,10.14326615844132,False,234,4.234455354311239,3.0355590207258665,1.0559002632883692,11.699550811504038,3.0355590207258665,1.0559002632883692,3.8173187794344647,0.11754841019416717,True
A2142-2912,19.8268,20.844,3.341545581817627,240.0362243,26.4177509,240.036,26.4178,3.0,0.0878318,4.570464572141713,2.8359879478853687,True,235,0.9475618838896852,0.6882275136679175,2.119357453934222,6.21284570731879,0.6882275136679175,2.119357453934222,4.6198861361164845,0.042736543963936634,True
A2142-8880,19.3174,20.2233,7.1078290939331055,239.9511257,26.5083609,239.951,26.5084,3.0,0.0870538,4.015433102712532,5.07546533405877,True,236,7.7417238450546435,3.2600849283487614,1.401391518545024,11.448390180152613,3.2600849283487614,1.401391518545024,4.094443482652366,0.11588550756671291,True
A2142-4212,18.3012,19.2263,11.449847221374512,239.9594856,26.9215064,239.96,26.9215,2.0,0.0915392,2.501432788035068,7.929438107720282,False,238,6.225904753104699,2.422838962796038,0.8270042056810842,12.080377148177508,2.422838962796038,0.8270042056810842,2.4280091937794817,0.7688414746145363,False
A2142-9149,19.3204,19.7599,4.307015419006348,240.2047727,26.5184204,240.205,26.5185,3.0,0.0869122,4.425025982779661,5.551817354619534,True,241,0.8149665580060859,0.6061550745572399,2.060361610706947,5.115357897509853,0.6061550745572399,2.060361610706947,4.519309777336543,0.8347179088435005,False
A2142-3012,19.3695,20.2327,7.510090351104736,240.1248642,26.3187293,240.125,26.3188,3.0,0.0849763,4.9668780705039834,11.097520372944977,False,246,0.6371553740575973,0.4894909862630836,1.56119862118317,11.128412000629464,0.4894909862630836,1.56119862118317,5.18611924022528,0.1424323091826297,True
A2142-9038,19.7825,20.0609,3.967118501663208,240.1529728,26.4628827,240.153,26.4629,3.0,0.0929655,4.8643691738649535,11.982645009826205,False,250,0.5923925707333453,0.4719345980381515,1.1503450788005125,12.327117399306204,0.4719345980381515,1.1503450788005125,4.650574362793168,0.5326623962000648,False
A2142-10010,18.9072,19.7862,6.372417449951172,240.2799298,26.9661622,240.28,26.9662,3.0,0.0899971,2.869434127543242,3.9974518305177433,True,257,3.285055425901483,2.599433046021165,1.0278705774264232,12.205902638781978,2.599433046021165,1.0278705774264232,2.8319943194206005,2.0241441309570005,False
A2142-9996,18.0663,19.0324,12.988445281982422,240.1646015,26.9895979,240.165,26.9896,2.0,0.0907573,2.580627347366494,5.877828382663283,True,274,1.231435277231066,0.9379694413733092,2.3221411032454125,7.815024053242738,0.9379694413733092,2.3221411032454125,2.5260347237272733,1.6532537004790155,False
A2142-4316,18.4774,19.3991,9.484403610229492,240.0792715,26.7942788,240.079,26.7943,3.0,0.0894629,3.1887749967218895,2.117128304128791,True,275,5.588198278511412,4.1309258133305775,2.9164056228528548,11.235589416272564,4.1309258133305775,2.9164056228528548,3.165597518146021,0.9427284828342175,False
A2142-4320,18.8888,19.7796,5.301334381103516,240.1110305,26.8256243,240.111,26.8257,3.0,0.0917494,3.1968911358582996,8.565918960382145,False,276,2.985765273982297,1.9823169976662784,2.941145313674573,9.412392329079086,1.9823169976662784,2.941145313674573,3.096084819604626,1.1224708805835746,False
A2142-4583,19.0083,19.7762,8.648746490478516,240.2316785,26.6169809,240.232,26.617,3.0,0.0878083,4.121319827207998,3.1080227410237686,True,287,2.211731993659809,1.855041805577688,2.354415241301286,12.08569940044911,1.855041805577688,2.354415241301286,4.166978573849416,1.1342490807075083,False
A2142-345,17.8323,18.8906,16.328292846679688,239.4449475,25.6608597,239.445,25.6608,3.0,0.0891342,6.625820037637264,3.8203967866418775,True,296,4.179812235274909,3.124282221845222,1.463614749592467,11.816526828046586,3.124282221845222,1.463614749592467,6.601450903447709,3.711527332098105,False
A2142-569,19.1289,19.8036,7.483314514160156,239.7242179,25.5679283,239.724,25.5679,3.0,0.0908307,7.668115466867919,6.444425059601231,True,305,4.3332332954279495,3.3031609239351107,2.787799491459124,9.598670732216,3.3031609239351107,2.787799491459124,7.499950958060403,2.8810573914944677,False
A2142-1569,19.6875,20.3727,4.064074993133545,239.9777473,25.8245663,239.978,25.8246,3.0,0.0916255,7.142739381772891,8.184812555877606,False,309,4.349010209039597,2.2666366229908155,1.1320534477897084,12.066525017927246,2.2666366229908155,1.1320534477897084,6.926679748058639,1.423390526847123,False
A2142-7632,17.9554,18.7255,13.446866035461426,240.0208079,26.0293749,240.021,26.0294,3.0,0.0907882,6.3081528240786,5.725965861805183,True,337,11.09046682403807,0.8482827418768188,0.4013930914283392,12.457743404349245,0.8482827418768188,0.4013930914283392,6.172644614646269,0.8448442497451154,False
A2142-7720,18.1499,19.194,15.107673645019531,240.0499594,26.0239043,240.05,26.0239,3.0,0.0904371,6.3616774336165705,4.708704598031766,True,344,1.1032627477380874,0.9106260571023306,1.293710964723343,11.991774743802315,0.9106260571023306,1.293710964723343,6.248714968380767,0.749975419361983,False
A2142-7623,17.7057,18.6527,19.20200157165528,239.9248138,26.0143225,239.925,26.0143,3.0,0.0880992,6.009670753137319,2.422182308674273,True,354,1.377317242987516,1.1145403166122936,1.1490890696716871,9.92711382246597,1.1145403166122936,1.1490890696716871,6.056564478522372,1.2259000716987034,False
A2142-354,19.3209,20.08,5.1424431800842285,239.5466383,25.6937037,239.547,25.6937,3.0,0.0894688,6.707069546741451,3.765123625477131,True,363,4.099902186159626,2.594978041418508,1.2493569593658531,12.061891025475544,2.594978041418508,1.2493569593658531,6.657888846641536,3.2711814867459146,False
A2142-7825,18.7491,19.6555,7.477048397064209,240.2421773,25.819822,240.242,25.8199,3.0,0.0886416,7.421261433196535,0.7269226387070824,True,389,4.748068399991352,3.739195139310812,1.74379547149916,12.28596653057966,3.739195139310812,1.74379547149916,7.434270178021538,0.4724008920811465,True
A2142-1674,19.1539,19.7465,5.247156143188477,240.1636111,25.7712627,240.164,25.7712,3.0,0.0886133,7.471726869110576,1.0655373981255731,True,390,0.6688332606500693,0.5608047448489955,1.4259086451040417,12.385049657927324,0.5608047448489955,1.4259086451040417,7.487168976395287,0.8549851801948241,False
A2142-1678,19.4327,20.4335,5.42830753326416,240.2077462,25.7264999,240.208,25.7266,3.0,0.0890102,7.768920753594105,0.921009972468655,True,392,0.7279941451541969,0.5877938535971179,1.4245566311776383,10.515408356170347,0.5877938535971179,1.4245566311776383,7.75092407174648,0.7864296582377596,False
A2142-1768,18.6642,19.6618,9.635226249694824,240.2955273,25.5737572,240.296,25.5738,3.0,0.0878342,8.444002914642216,3.0246617667840625,True,396,4.0457278840565625,3.5121326598326537,3.189324648653077,7.552107053472698,3.5121326598326537,3.189324648653077,8.535081181989606,0.7807575273386801,False
A2142-7820,19.7995,20.5053,3.2476110458374023,240.1950323,25.8540617,240.195,25.8541,3.0,0.0882168,7.161463013079149,1.8688670629815929,True,397,0.8223146542935957,0.6469896026173083,0.7323441552433554,6.533792008295918,0.6469896026173083,0.7323441552433554,7.207904861260209,0.5719152383456985,False
A2142-1765,18.0623,19.0081,14.454615592956545,240.2871462,25.7567606,240.287,25.7568,3.0,0.0875952,7.670548218911223,3.6176650365049032,True,399,6.142527863666774,4.063749932060685,1.5587347525723674,11.392115252225455,4.063749932060685,1.5587347525723674,7.774039724920814,0.4399307527921232,True
A2142-920,19.8562,20.74,4.262420177459717,240.2444666,25.170952,240.244,25.171,3.0,0.0872964,9.913838442120404,4.865204790459965,True,403,2.9202281382106907,2.43065168888801,1.8158682108884123,10.728113489730358,2.43065168888801,1.8158682108884123,10.081341405427784,1.7917049290363656,False
A2142-1866,19.6056,20.3569,5.038389682769775,240.3284743,25.5984293,240.329,25.5985,3.0,0.088263,8.44491900791904,1.7894162472278252,True,410,2.1217353423497425,1.40757218248317,1.6193297224842178,11.000975725653015,1.40757218248317,1.6193297224842178,8.495319230867748,0.6123360258904035,False
A2142-6660,19.9002,20.5255,3.103116512298584,240.1537645,25.4957512,240.154,25.4958,3.0,0.0894019,8.647983220514684,2.1585380903210436,True,436,0.9452406733332364,0.7683731628767028,2.0465212737404137,11.893826714424687,0.7683731628767028,2.0465212737404137,8.590870886785561,1.456319695783559,False
A2142-824,18.8646,19.7977,8.792844772338867,240.2189509,25.3269276,240.219,25.3269,3.0,0.088449,9.362493192954153,1.9511685697469523,True,444,3.397557213093967,2.5427231044055625,0.7745230699857308,8.85509729099953,2.5427231044055625,0.7745230699857308,9.398938904702986,1.564766168699093,False
A2142-909,17.9662,18.9749,15.344727516174316,240.2535732,25.1158955,240.254,25.1159,3.0,0.0829264,9.651785292482474,17.262461769715486,False,449,0.9248673823313652,0.7067277638045923,1.5071665730341557,6.256757334767347,0.7067277638045923,1.5071665730341557,10.322408920809092,1.8714348370459912,False
A2142-1961,17.3399,18.4075,22.204736709594727,240.4735782,25.4765149,240.474,25.4765,2.0,0.0877874,9.15590833193166,3.1015623260624645,True,464,0.8805747310210732,0.6538807753317979,1.70746774552119,9.728889224431809,0.6538807753317979,1.70746774552119,9.259506044640434,0.35216751951069686,True
A2142-7038,19.822,20.0236,3.834048271179199,240.6804204,25.2360405,240.68,25.236,3.0,0.0858388,10.272990835931779,8.762809835395442,False,465,3.319948336459188,1.3448044919669044,2.6292905342256248,12.270856845431616,1.3448044919669044,2.6292905342256248,10.620631577461664,0.21934422145524488,True
A2142-6925,18.82,19.7038,7.43375301361084,240.5884565,25.2989947,240.588,25.299,3.0,0.0878522,10.08796710313332,2.944018225129946,True,467,0.3333161506564868,0.2601895386119732,0.8033617261898045,4.296870416211838,0.2601895386119732,0.8033617261898045,10.19472757707559,0.3195373179916616,True
A2142-1666,19.2539,19.9919,3.922163724899292,240.0767659,25.778105,240.077,25.7782,3.0,0.0907815,7.458603252048706,5.733089890421643,True,486,1.1883594190258195,0.8979400773086637,1.9643402657078173,9.331447607869958,0.8979400773086637,1.9643402657078173,7.298909844470123,1.157321241807735,False
A2142-1669,18.7367,19.427,7.566657066345215,240.1438762,25.8094516,240.144,25.8094,3.0,0.0914741,7.510594939258915,7.6578593773138,False,490,6.2164011097149885,2.764112359442935,2.438356056179126,11.87752908780705,2.764112359442935,2.438356056179126,7.295225422673975,0.8484473748375988,False
A2142-5654,18.2298,19.182,14.72959041595459,239.5545242,25.2269637,239.554,25.2269,3.0,0.0882149,8.513231025405341,4.575141278838778,True,492,4.597409923961616,2.453851672552088,0.797081229565662,11.112691953776984,2.453851672552088,0.797081229565662,8.568620099251579,4.209671397281945,False
A2142-1566,18.1473,19.1616,14.262171745300291,239.9944041,25.9054394,239.994,25.9054,3.0,0.0901555,6.727561712815183,4.010830200654783,True,498,0.660357281504039,0.5027138359721981,1.637562320273128,11.627752115230612,0.5027138359721981,1.637562320273128,6.628341561692272,1.196062208478887,False
A2142-1,19.9489,20.4748,3.373627185821533,239.512662,25.2294763,239.513,25.2294,3.0,0.0882957,8.43277253985825,4.6267281487843235,True,502,7.447153034903357,3.97232518042817,2.0829341328333104,12.294658550887096,3.97232518042817,2.0829341328333104,8.480018105873224,4.358236606187516,False
A2142-6507,18.925,19.7471,7.689272403717041,239.9150217,25.5804651,239.915,25.5804,3.0,0.0893233,7.848769861087772,2.5695224440081526,True,536,6.086280842016294,4.0662813062030265,2.0818919937935627,11.901426323989892,4.0662813062030265,2.0818919937935627,7.803664796115412,2.1559458100862763,False
A2142-6502,19.1987,20.0939,7.809158802032471,239.8654606,25.680102,239.865,25.6802,3.0,0.089066,7.3278350579750775,2.234014441814377,True,537,2.395840792767695,1.8042265094254404,2.2158830015550013,12.133504016064064,1.8042265094254404,2.2158830015550013,7.306367433212867,2.1319503716880996,False
A2142-6589,19.7429,20.4208,4.106797218322754,240.0556319,25.6398341,240.056,25.6398,3.0,0.0904769,7.96754791135577,4.960991596282359,True,570,7.813653496355334,2.251739436606359,1.2129872264248824,11.99781903781296,2.251739436606359,1.2129872264248824,7.822694763783775,1.5188862385229074,False
A2142-2269,18.9781,19.8851,8.372122764587402,240.8172555,25.2851825,240.817,25.2852,3.0,0.0878312,10.557137607651253,3.0652122371549413,True,585,8.542458965739776,4.055608888118325,1.559457956439715,11.541457884863943,4.055608888118325,1.559457956439715,10.671366072709812,0.6072188167161757,False
A2142-7826,18.239,19.241,13.528054237365724,240.2746948,25.8491017,240.275,25.8491,3.0,0.0898137,7.457441170983568,2.8345271305167077,True,588,0.6284659276419777,0.5114631096862379,1.879465184641652,7.954129749366621,0.5114631096862379,1.879465184641652,7.3748767840049805,0.2997920842901635,True
A2142-1871,18.8911,19.7802,7.835700035095215,240.4514414,25.6501542,240.451,25.6502,3.0,0.0900707,8.630355107573406,3.5268000660964103,True,595,2.930968815214384,2.179502671063024,0.6548698307573391,5.267426162685897,2.179502671063024,0.6548698307573391,8.510922381375055,0.14390532479314658,True
A2142-7924,18.3121,19.2724,12.984380722045898,240.4305927,25.7786833,240.431,25.7787,3.0,0.0875239,7.836550687866175,3.8068476980423873,True,601,10.178891647416524,4.080439938414349,1.131795126452971,11.2705069764334,4.080439938414349,1.131795126452971,7.948630369991886,0.19049902028645463,True
A2142-2078,19.5212,20.3937,4.983202934265137,240.7434533,25.4857955,240.743,25.4858,2.0,0.0890844,9.747917115108619,0.9504601058480046,True,602,0.3305917899476842,0.2922236400336979,1.2135761769025264,7.606457238497824,0.2922236400336979,1.2135761769025264,9.717390523285564,0.7248109157772943,False
A2142-6917,17.8422,18.7774,15.171279907226562,240.589687,25.322226,240.59,25.3223,3.0,0.0848711,9.663430890056555,11.540160104616215,False,604,3.240757926987177,2.3489871160035243,1.1790339611236638,12.211553661974392,2.3489871160035243,1.1790339611236638,10.10226003885949,0.2782666749601915,True
A2142-1966,17.5717,18.7033,17.535964965820312,240.5025451,25.456714,240.503,25.4567,2.0,0.0869069,9.197026045576525,5.637792836082018,True,615,0.255865366531296,0.2230826022525054,0.8103665624304384,10.462805374375822,0.2230826022525054,0.8103665624304384,9.393548744827367,0.29780634266820954,True
A2142-1956,19.848,20.7219,4.072240352630615,240.5411746,25.4008095,240.541,25.4009,3.0,0.0907181,9.897849041311177,5.355588332018403,True,616,5.966430246595731,4.2444713498276485,1.6884879007311948,9.118303137581972,4.2444713498276485,1.6884879007311948,9.69256693198367,0.28176789842057737,True
A2142-2220,19.2304,20.0938,7.079614639282227,240.7105087,25.3010936,240.711,25.3011,3.0,0.0875437,10.266036481022848,3.837602544559448,True,619,0.8455513283736567,0.6088529187650482,1.0108288469860227,5.9120765158020925,0.6088529187650482,1.0108288469860227,10.410552201848672,0.2915066857261525,True
A2142-8111,19.461,20.394,4.265296936035156,240.7147621,25.583096,240.715,25.5831,3.0,0.0886222,9.24957008576378,1.0430670772404107,True,621,2.652042199174325,2.0183627940862703,2.638114934570898,11.761637044939496,2.0183627940862703,2.638114934570898,9.267773418877951,0.8108301832107278,False
A2142-8369,19.1491,19.4843,3.973153829574585,240.9723508,25.56218,240.972,25.5622,3.0,0.0929297,10.271903748996117,11.845709802100007,False,629,0.462351967164971,0.3748835283318257,0.8400940268942201,12.302130862233565,0.3748835283318257,0.8400940268942201,9.82414886123501,1.7110236750856387,False
A2142-1973,18.0398,19.032,12.017318725585938,240.5939515,25.5492662,240.594,25.5493,3.0,0.0897993,9.285547592809758,2.7354142992057655,True,652,0.7854904295348826,0.6471154008042488,1.250852958574737,7.950687941897105,0.6471154008042488,1.250852958574737,9.184187599800799,0.3233220586389533,True
A2142-8245,18.9872,19.9307,6.912419319152832,240.7978686,25.5050865,240.798,25.5051,3.0,0.0881822,9.671872358993468,2.176691325842835,True,659,3.772337011009624,2.69903242156652,4.261326311062652,9.814640180289636,2.69903242156652,4.261326311062652,9.738341363589257,0.9590949428305469,False
A2142-2244,18.6864,19.675,10.495112419128418,240.8529564,25.4233059,240.853,25.4233,3.0,0.087675,10.046546755432534,3.578802446480122,True,665,1.371193781874938,1.1260769039841714,1.548868089485647,8.290590457115211,1.1260769039841714,1.548868089485647,10.173002026485193,0.9988058684992643,False
A2142-2276,18.31,19.2752,10.432872772216797,240.8914922,25.3801867,240.891,25.3801,3.0,0.0888561,10.426014243851782,1.0350994732571375,True,666,6.105851377089659,4.573094362793474,2.0335454178852475,12.126751735651249,4.573094362793474,2.0335454178852475,10.419557206967495,1.0544367816040832,False
A2142-8507,19.0704,19.8701,7.766239166259766,241.0044636,25.3918232,241.005,25.3918,2.0,0.0870219,10.370702426397425,5.540782464064925,True,668,9.714418451342212,2.096194356192606,1.1898405479275596,12.225483808098096,2.096194356192606,1.1898405479275596,10.578567444528975,1.490065259891665,False
A2142-8118,19.976,20.8998,3.3251640796661377,240.7226411,25.6280591,240.723,25.628,2.0,0.0900257,9.22188940597192,3.4999816226154628,True,672,0.5366502725987097,0.442303978094495,1.3146430167954293,7.145114517207393,0.442303978094495,1.3146430167954293,9.098728484213824,0.9280594170780443,False
A2142-3239,17.4251,18.5218,23.92865753173828,240.3485638,26.1161491,240.349,26.1161,3.0,0.0888365,6.424959303826381,0.5366821349031021,True,673,4.800783511390332,3.379215999005296,1.7860747366097591,11.625512354777022,3.379215999005296,1.7860747366097591,6.422369831867109,0.5417053878715377,False
A2142-9357,19.6065,20.179,5.292304039001465,240.5222347,26.2956632,240.522,26.2957,3.0,0.0888597,6.012306128889687,1.5420200907623651,True,674,5.327485011563589,4.353762259199383,4.950065881647957,11.851978445804551,4.353762259199383,4.950065881647957,6.008343805653458,1.5396056144189751,False
A2142-3225,19.9639,20.672,3.326078414916992,240.3933119,26.1270347,240.393,26.1271,3.0,0.0865604,6.300166359778416,6.5849968387022555,True,676,0.2095156847743275,0.1924177139656473,1.260240102545584,3.917505853201392,0.1924177139656473,1.260240102545584,6.460067078198995,0.7264288588823136,False
A2142-9392,19.9305,20.4717,3.316364288330078,240.6013429,26.2942762,240.601,26.2943,3.0,0.0887141,6.152585133297175,1.8517601019519931,True,678,1.6217175627605016,1.3659275401408522,1.118261895787592,12.069726184865672,1.3659275401408522,1.118261895787592,6.158428968628018,1.8261250280677181,False
A2142-5319,19.4562,20.1367,4.717001914978027,240.9369445,26.7424978,240.937,26.7425,3.0,0.0857479,4.7710027346268795,9.679534522340417,False,686,0.5433941177962485,0.4529655358908604,1.601843937341644,6.355826978098197,0.4529655358908604,1.601843937341644,4.937587356258219,3.961680563050139,False
A2142-4693,19.1807,20.0654,7.921209335327148,240.5051338,26.6037494,240.505,26.6038,3.0,0.0896447,4.764407708305902,3.194183405994483,True,688,0.7444591515677965,0.6544280936888951,1.7291272829263449,8.554334755053837,0.6544280936888951,1.7291272829263449,4.720370128980517,2.104175844400871,False
A2142-7819,18.1977,19.1556,11.887306213378906,240.239976,25.9332487,240.24,25.9332,3.0,0.0889188,6.977270673441011,0.3439467430887124,True,691,4.412689362993725,3.4206613139866557,2.177707287277121,11.665989149929214,3.4206613139866557,2.177707287277121,6.968126434957461,0.2537925750095161,True
A2142-10451,19.2032,19.6596,5.259085655212402,240.7184863,26.6326878,240.718,26.6327,3.0,0.0910177,5.112567812504712,7.013191571105096,False,700,1.216414195502697,0.9565569031004416,1.1899386665363405,7.151612572492477,0.9565569031004416,1.1899386665363405,4.990374349223472,2.941623474462129,False
A2142-9269,19.1917,19.58,6.499314308166504,240.3450415,26.2776321,240.345,26.2776,3.0,0.0891909,5.782532995487031,1.3654644065321688,True,701,0.3921996188359919,0.360024327628528,0.7454282242731534,12.412836837964656,0.360024327628528,0.7454282242731534,5.75767297748811,0.8555402462338699,False
A2142-3231,18.2794,19.1894,9.962591171264648,240.2882128,26.1100525,240.288,26.11,3.0,0.0861097,6.1480041445752205,7.85108576084434,False,704,0.0969826865683556,0.0818598493966651,0.3163666050221416,1.907000641024624,0.0818598493966651,0.3163666050221416,6.336426107307946,0.31210195552006514,True
A2142-4029,19.7621,20.4667,4.129467010498047,240.5737268,26.5357708,240.574,26.5358,3.0,0.0894004,5.15666216359122,2.787795592230703,True,705,0.5362784205322297,0.4004092589178336,1.09421347378699,8.540764001451695,0.4004092589178336,1.09421347378699,5.122691237986285,2.216124669990999,False
A2142-3140,19.2934,20.2765,7.380374431610107,240.3553092,26.2177075,240.355,26.2178,2.0,0.0892394,6.049985758024768,1.4246816645925509,True,709,6.231681898309193,3.280694827680774,0.771655939679464,12.183827620584772,3.280694827680774,0.771655939679464,6.020764709700589,0.7713575962798125,False
A2142-10354,19.5616,20.1662,6.227658748626709,240.6399942,26.7094743,240.64,26.7095,3.0,0.0899149,4.5901824974580965,4.254113049878377,True,710,4.24164411451701,2.532006857560466,1.6828236964747552,12.02332874355487,2.532006857560466,1.6828236964747552,4.534352202415951,2.811265115246653,False
A2142-3235,19.4844,20.332,6.0159687995910645,240.3704817,26.1798219,240.37,26.1798,3.0,0.0890837,6.222455382727816,1.0553877047297102,True,712,3.9215565978102696,2.6935071755919218,2.1831527032316345,11.837668954676287,2.6935071755919218,2.1831527032316345,6.203016941230994,0.7499366940255593,False
A2142-10478,19.9654,20.708,4.264064311981201,240.7668131,26.6822657,240.767,26.6823,3.0,0.0920675,5.051483345487005,9.934138470497402,False,715,2.9061850781778027,2.271016795369734,1.8188931959444936,11.129994345908475,2.271016795369734,1.8188931959444936,4.87562760912197,3.2186579735061227,False
A2142-9155,19.9037,20.3702,3.36868667602539,240.1649737,26.4152613,240.165,26.4153,3.0,0.0901739,4.94042924602567,3.9482767058113946,True,722,8.330116568334192,1.3643713909026918,0.5980704163442265,12.23764677745528,1.3643713909026918,0.5980704163442265,4.866592289089931,0.47934557506528824,True
A2142-9158,18.6918,19.1061,8.488178253173828,240.2119386,26.4185755,240.212,26.4185,3.0,0.0899513,5.00206314370334,3.3411370067876893,True,738,0.3926434525132212,0.3201217908691571,1.052052599609917,12.39441271098826,0.3201217908691571,1.052052599609917,4.939262249697885,0.6570532743783203,False
A2142-5268,18.4699,19.4222,13.393439292907717,240.7875548,26.8036867,240.788,26.8037,2.0,0.0922163,4.583917741561477,10.45739611301107,False,744,0.4125404905840457,0.3369474758848312,0.566237544110836,1.6478266415152416,0.3369474758848312,0.566237544110836,4.41734152880688,3.5406938397230423,False
A2142-9265,19.3612,20.2111,6.938058376312256,240.3203804,26.3019613,240.32,26.302,3.0,0.0912964,5.768020196319084,7.1879061714287005,False,745,4.921577526241512,3.5642700187421994,2.835549628578361,8.68062215515217,3.5642700187421994,2.835549628578361,5.613310228957646,0.815012953739433,False
A2142-3135,19.5118,20.4398,7.5757341384887695,240.3175405,26.1984257,240.317,26.1984,3.0,0.0903379,6.13250748016601,4.407685389283055,True,755,0.6859204949935815,0.5729587028457287,1.8852247128195607,8.308300009631935,0.5729587028457287,1.8852247128195607,6.030100285826148,0.5947151413492765,False
A2142-3118,18.6542,19.5733,12.20179843902588,240.2492472,26.1679087,240.249,26.1679,3.0,0.0882171,5.990269171480828,1.7738472320487226,True,759,0.1457867655729456,0.1244199931335769,0.5113784414892173,0.7905464989914914,0.1244199931335769,0.5113784414892173,6.029095751762672,0.28688987727445747,True
A2142-3030,19.7307,20.6649,4.637057304382324,240.1824857,26.2575857,240.183,26.2576,3.0,0.0911516,5.684944319105173,6.7282803024163895,True,762,6.975403596328927,2.328734439344018,0.8302846713982754,11.651209657263149,2.328734439344018,0.8302846713982754,5.5410787506447425,0.22571250349762886,True
A2142-4689,18.2458,19.194,14.472569465637209,240.430855,26.5084053,240.431,26.5084,3.0,0.0907849,5.082750605642932,5.915534068703177,True,763,4.063117791677331,3.284608910194465,1.304750100410903,12.016522264565936,3.284608910194465,1.304750100410903,4.973743060108532,1.6388389211051615,False
A2142-9166,19.3544,20.1016,7.8676605224609375,240.2341597,26.3108863,240.234,26.3109,3.0,0.0923103,5.6287731559311585,10.08081015731948,False,764,2.123612073029671,1.7333462697742608,1.6919657368379577,11.949375408543686,1.7333462697742608,1.6919657368379577,5.418813739170626,0.519009180250732,False
A2142-4593,18.9578,19.7011,8.824201583862305,240.3117982,26.6917387,240.312,26.6918,3.0,0.0875917,3.9552690659173844,3.852871781153942,True,768,1.238546325857092,0.9521139787210736,1.929521731228366,7.724467416939264,0.9521139787210736,1.929521731228366,4.008790965271185,1.5789467189988784,False
A2142-3767,17.2801,18.3458,25.752769470214844,241.0323379,25.7401362,241.032,25.7401,2.0,0.0885233,9.178365952186462,2.4730304745112996,True,796,1.943194773149788,1.3940143881813645,2.9657654624840752,7.47658316001203,1.3940143881813645,2.9657654624840752,9.206508111093758,2.288117243133983,False
A2142-8130,19.8625,20.6808,3.943335056304932,240.7333523,25.6894085,240.733,25.6894,2.0,0.0905023,9.034670678715283,4.881859264782986,True,808,2.9515800398108976,2.375848443794304,1.7927246220703372,11.68197940640425,2.375848443794304,1.7927246220703372,8.867975698085688,1.0890383965436097,False
A2142-7995,18.2471,19.2562,13.56687831878662,240.5191892,25.8151946,240.519,25.8152,3.0,0.0868515,7.790969391237753,5.771435223380306,True,814,3.90068861953282,1.60556298805116,1.970602414665848,12.099938489060582,1.60556298805116,1.970602414665848,7.9624285868023446,0.5604716474555423,False
A2142-7922,17.9089,18.9456,15.217484474182127,240.459602,25.8888805,240.46,25.8889,3.0,0.0879221,7.47937243246998,2.685472347977603,True,817,2.485849731005646,2.0809788699722374,1.8971346693839672,10.388201686063963,2.0809788699722374,1.8971346693839672,7.552630370344712,0.49100423808198285,True
A2142-7918,19.6155,20.5113,4.858734607696533,240.4306162,25.9195984,240.431,25.9196,3.0,0.0873608,7.2569183241216475,4.280171307672437,True,818,2.843202957486673,2.261694757883287,1.705254483754386,11.511993404053849,2.261694757883287,1.705254483754386,7.374192188809023,0.447333682568311,True
A2142-3251,18.3899,19.3584,13.640056610107422,240.3838637,26.0595369,240.384,26.0596,3.0,0.0887601,6.714944011488434,0.5851726737086365,True,836,1.278216510452686,1.053668927788753,1.6354910778074163,4.455976901779975,1.053668927788753,1.6354910778074163,6.717905003097397,0.5562495240933816,False
A2142-8093,19.1852,19.6105,6.840087890625,240.6643207,25.7692651,240.664,25.7693,3.0,0.0893627,8.468059374521632,1.787119146823844,True,849,7.653425072769004,2.015098508680192,0.607954007182741,12.445625337999148,2.015098508680192,0.607954007182741,8.415754503525124,0.9962974276761539,False
A2142-3262,19.8275,20.9789,5.496659278869629,240.3559608,26.0417835,240.356,26.0418,3.0,0.0869913,6.604364828728359,5.324112135144884,True,850,0.3946444618417928,0.3400850562192378,1.0234538097146595,10.505611788131368,0.3400850562192378,1.0234538097146595,6.739064796591148,0.42007255940060867,True
A2142-3330,18.8068,19.8336,11.25439167022705,240.456038,26.0417202,240.456,26.0417,3.0,0.0884489,6.896041637754467,1.3503004915843577,True,855,1.1774417175619911,0.9510085100077968,1.958085512415944,9.19985960734046,0.9510085100077968,1.958085512415944,6.922893783791259,0.7830028340696472,False
A2142-7997,18.7822,19.8828,11.269954681396484,240.509781,25.7796349,240.51,25.7796,3.0,0.0902405,8.21887124807124,4.054124077605744,True,857,0.1933550567818542,0.1700125009235371,0.4951214781247284,11.292547116124108,0.1700125009235371,0.4951214781247284,8.090177172508914,0.45756754441533937,True
A2142-7999,18.7037,19.7218,9.664118766784668,240.5191479,25.7908567,240.519,25.7908,3.0,0.0905226,8.214947779761884,4.870027079831404,True,858,6.982281292823839,1.5470039075528668,1.1770888852619912,12.059894813266228,1.5470039075528668,1.1770888852619912,8.061604102136886,0.5127093061523725,False
A2142-8098,19.9416,20.279,3.8134958744049072,240.7024941,25.7725841,240.703,25.7726,2.0,0.0894204,8.530130371315655,2.0063716833934615,True,861,7.274224121039338,3.2320237888682035,1.1189332988990524,12.24415962469749,3.2320237888682035,1.1189332988990524,8.4720768910872,1.1424532927257254,False
A2142-9368,18.9024,19.7455,10.30788230895996,240.527763,26.1644982,240.528,26.1645,2.0,0.0884933,6.531275665007495,1.6113522705034302,True,867,0.7118785166510673,0.5996715040301623,2.768657905821046,11.398083668945889,0.5996715040301623,2.768657905821046,6.553480215201852,1.2934908004954992,False
A2142-9475,19.8447,20.8168,3.6813151836395264,240.6487682,26.1782757,240.649,26.1783,2.0,0.0877675,6.641681376622223,3.531897576374431,True,874,0.2300603922373447,0.2104250516668537,1.1039350286285623,7.986562647444581,0.2104250516668537,1.1039350286285623,6.718325247817611,1.7643319457791078,False
A2142-5031,19.3113,19.8775,6.493509769439697,241.0560274,26.123946,241.056,26.1239,3.0,0.0834146,7.223619650908714,15.965293887817376,False,902,6.593719006376967,3.3894516337202294,1.607201492075058,12.089980378251605,3.3894516337202294,1.607201492075058,7.681117161316354,3.1477800119918267,False
A2142-3338,19.143,19.9484,6.011998176574707,240.6041832,26.0655848,240.604,26.0656,3.0,0.0885355,7.075984982048566,1.6151878032941231,True,915,2.4802896841745223,1.5757261750953466,1.203095397458828,12.103665683766549,1.5757261750953466,1.203095397458828,7.096721487513331,1.3727837549278101,False
A2142-4938,18.977,19.6833,8.944600105285645,240.9690953,26.2907017,240.969,26.2907,3.0,0.0887089,6.835100612961267,3.1822279633875756,True,935,1.4173980414767673,1.1129154167326512,1.581973558100921,12.183267387721308,1.1129154167326512,1.581973558100921,6.8419861201771,3.1655067264297396,False
A2142-4116,19.9567,20.7193,3.7922887802124015,240.5757929,26.4076311,240.576,26.4077,3.0,0.0905582,5.758981770715727,5.388613481314987,True,941,4.936218319428442,4.109264597927903,1.504419614855565,12.225698440161072,4.109264597927903,1.504419614855565,5.6493037207184615,1.9630417806773726,False
A2142-3258,18.8503,19.7961,8.54198932647705,240.4613826,26.090692,240.461,26.0906,3.0,0.0895185,6.786425046948159,2.1810321875955183,True,954,2.067347351302008,1.7722360066587155,2.4025370240551087,12.0945850795345,1.7722360066587155,2.4025370240551087,6.732994193877414,0.9013370331601182,False
