nspec,timesc,err_lo,err_hi,NSPEC,D_fil,D_along
5,2.344326266677956,1.579516234572142,3.076020946863202,5,5.310776828398276,3.188441374895403
6,0.2728679934390605,0.2466813759840018,0.7586752691702969,6,8.904955152619074,3.599221187804294
8,2.182234947472063,1.8559604950886897,2.2565940339244257,8,6.835019076844902,5.275969915874445
11,5.820657337362245,4.672556755686302,1.532756837767196,11,3.143346900185526,2.978943362244937
16,1.1584588218180656,0.8760836637075347,0.6486296256796305,16,3.736533826193725,3.276368153202366
17,1.319827098941294,0.7044335600283167,1.6566800829225106,17,5.76867738681594,4.080901668771004
24,2.257064606041638,1.6477929869403063,1.8531833676309968,24,6.026712655373403,6.10790630043436
26,6.650740674919821,4.651229162258187,1.2621421041621987,26,6.3531700056477085,2.588297399088407
27,0.8071034277806337,0.6391919460549698,1.3514650971625746,27,10.94145549357874,2.6528622856347415
28,0.9977622325083652,0.8683294737417513,1.8729009451064336,28,1.5377361638514324,3.3182786856781714
29,0.3767491334182571,0.3242771622281801,0.9965051574396656,29,4.883506804568266,4.02068058841856
30,2.0846772391647037,1.2379729435692202,1.7518568178866412,30,2.8359980779295526,3.69121955959675
35,4.464779565147731,3.4848444480129945,1.1895563323451253,35,12.0916467183404,2.884608046844357
37,4.298805548133959,1.6577845569463836,0.6242769803593724,37,3.269156569073884,2.9146827797758292
41,3.9797328499110014,2.126829313820965,0.8847345072426815,41,4.233385988478872,3.9368939348593535
47,7.348189784499061,2.318024456769036,0.7198424576253242,47,6.536514335262558,2.7543660099099068
48,7.51450884869597,4.745631013140125,2.049546714738904,48,9.449925405066894,2.8247781143650337
49,1.69096340095901,1.337925142520401,1.2060508127992478,49,14.223654564761215,2.2534041447505815
51,3.14525834510574,2.6142478042753865,1.3854012221791212,51,3.3069749895766787,2.3017584680364576
55,0.9313074341905568,0.7004349660940292,1.5705753394314117,55,5.721715008114532,2.721469519199187
58,2.580165081701834,1.882693930492234,1.6825133829365484,58,7.3424721214532385,3.486400431602765
59,1.554806498815931,1.269056186345666,2.089108318923089,59,12.226458372122673,3.003328720174743
64,1.5120408448309917,1.2303724423395108,1.0666517780984552,64,6.717665960786201,2.9663421000940344
65,1.1520153694938582,0.7952210367149082,2.327120138403316,65,4.2581355775558,2.617695359828361
71,3.5444231796788817,2.7767731959420408,2.0712599895603745,71,6.91423127829268,3.504761248507797
75,3.698343993735927,2.0603541233798266,0.8851828176281726,75,2.012883351728522,4.5166522689835595
77,0.3345661243398456,0.2823544128774804,0.9145205827303168,77,3.5277521619959926,2.3511565958660583
80,4.329777652654329,2.6348036755613373,1.7665284942188162,80,3.082063869848246,4.03067794592455
81,5.983136345876279,4.545667450439311,2.0691638597432043,81,6.911311248147621,4.597704929558667
85,6.931991683122593,4.873965341274596,1.3029377913533209,85,6.883730655297561,3.0461983028501183
92,0.8879571772502934,0.718814220387707,1.863139273004793,92,4.320720790335883,3.927569139510296
93,5.487736812032783,2.6499152381230173,1.4430994166418856,93,5.326909217182112,2.4473778231058025
94,3.668680654118933,2.986045919350424,1.9354135199796136,94,6.493663160812948,4.180218643331697
95,0.8018825338186555,0.6801753453481845,1.0792733690951548,95,5.074504813147592,2.180615721925598
107,0.9305292959629412,0.6812344871079112,1.993690578865932,107,7.893278836318768,6.002834676378436
109,1.186339461328232,0.8616694966003093,3.044819421398298,109,16.225516217269345,4.927097269694858
131,6.902250320965856,4.641387722541876,1.2969208833412695,131,10.805756780093867,3.798760797217161
133,6.525228829126751,3.334039012681252,1.490275216548203,133,10.506520638850187,2.8164304179727697
135,1.21395365311556,0.8395680268570445,1.12837890802734,135,2.9135715469130052,3.6443640477188013
143,6.540887591126921,2.953876243110333,1.5385453369846207,143,10.886102146419486,3.6253758558707045
146,6.336523036956535,2.929417271230399,1.3560751837587866,146,1.9504900353427024,5.498712284178378
147,5.8243728505519154,3.401261589667971,1.9386478277664436,147,12.40183200365019,3.822437395046083
174,0.3659697939123028,0.2795736951438787,1.584064065645202,174,0.36868577942074393,6.253320167098148
193,4.135579474671149,3.110103311083237,0.9466345907152904,193,5.972267023141613,2.24199717513852
195,1.084872069394959,0.7841474719045385,1.9633402413790657,195,17.317098968413745,2.3526406404405913
196,0.7641518106991585,0.5784798238422084,1.5082636073162456,196,3.5622821108800333,3.269830211321973
197,2.669900214705775,1.5057456536947535,3.64892669737155,197,16.6113734063624,4.492286009163288
202,1.1906957733398118,0.8199823934640451,1.6471109320695858,202,6.965895898949066,2.6663661623639827
206,0.8213943056732491,0.6525967710166158,1.4715744807449225,206,4.107815864450981,4.187066046574376
213,4.573642034690498,3.692574894505985,2.0804317517718003,213,5.792172281023448,3.0734309854807216
214,5.115668387155618,1.7524868596243066,1.6385447442635712,214,1.7905082366345233,3.292845268124685
216,7.139774721515073,2.548925682772495,1.1602787878659644,216,1.4695092892849935,2.2225226733710572
217,0.3958321336713166,0.334006051428942,0.9811265124968068,217,3.8963577489303387,3.7282868230434527
219,0.9424361913320012,0.7523363630746789,1.2514104601548612,219,3.853199556249771,2.4737818272916883
222,2.0310909222203097,1.6327441779813547,1.9681356912374597,222,2.6359837103555077,2.4776838348905983
224,4.516308598479252,2.905013601664983,1.936755067920206,224,4.96683597891758,3.7373586780783405
229,0.8382380110063172,0.6222880151856165,2.357405186761255,229,5.430651358043869,3.047117542963351
234,4.234455354311239,3.0355590207258665,1.0559002632883692,234,11.0092955935236,3.965899697206748
235,0.9475618838896852,0.6882275136679175,2.119357453934222,235,1.969915960188629,4.570464572141714
236,7.7417238450546435,3.2600849283487614,1.401391518545024,236,4.209623053463033,4.015433102712532
237,2.370753714687238,1.5706932394458466,0.9682529805996394,237,0.24512432883620452,4.921739602891759
238,6.225904753104699,2.422838962796038,0.8270042056810842,238,8.791616886000508,2.501432788035069
241,0.8149665580060859,0.6061550745572399,2.060361610706947,241,4.696874128709048,4.425025982779661
246,0.6371553740575973,0.4894909862630836,1.56119862118317,246,10.231498053269714,4.9668780705039834
250,0.5923925707333453,0.4719345980381515,1.1503450788005125,250,12.847860840527257,4.8643691738649535
252,0.5378658482336145,0.4318139899471369,0.722666191554818,252,2.6529415420860722,2.843072851132211
257,3.285055425901483,2.599433046021165,1.0278705774264232,257,4.761653887460741,2.8694341275432427
274,1.231435277231066,0.9379694413733092,2.3221411032454125,274,6.712005301464809,2.580627347366495
275,5.588198278511412,4.1309258133305775,2.9164056228528548,275,2.9172161859044863,3.18877499672189
276,2.985765273982297,1.9823169976662784,2.941145313674573,276,9.42476942694409,3.1968911358583
287,2.211731993659809,1.855041805577688,2.354415241301286,287,2.3213873757015926,4.121319827207998
296,4.179812235274909,3.124282221845222,1.463614749592467,296,4.101918814145002,6.625820037637264
305,4.3332332954279495,3.3031609239351107,2.787799491459124,305,7.225759076270086,7.668115466867919
309,4.349010209039597,2.2666366229908155,1.1320534477897084,309,9.038248839268942,7.142739381772891
337,11.09046682403807,0.8482827418768188,0.4013930914283392,337,6.583509854252758,6.308152824078601
344,1.1032627477380874,0.9106260571023306,1.293710964723343,344,5.565198444725213,6.361677433616571
354,1.377317242987516,1.1145403166122936,1.1490890696716871,354,1.7282100893234564,6.0096707531373195
363,4.099902186159626,2.594978041418508,1.2493569593658531,363,4.252795353983984,6.707069546741451
378,0.221269099392857,0.1756767267991827,0.6712916386268566,378,4.0844143861382385,6.5568281081814135
389,4.748068399991352,3.739195139310812,1.74379547149916,389,0.5503166048225971,7.421261433196536
390,0.6688332606500693,0.5608047448489955,1.4259086451040417,390,0.8740987020599275,7.471726869110576
392,0.7279941451541969,0.5877938535971179,1.4245566311776383,392,1.5645322793045502,7.768920753594105
394,2.336415587810228,1.882071999867716,1.8900994864204816,394,1.206086070758123,7.434188602592116
396,4.0457278840565625,3.5121326598326537,3.189324648653077,396,2.1971477534492694,8.444002914642216
397,0.8223146542935957,0.6469896026173083,0.7323441552433554,397,1.074260050551157,7.161463013079149
399,6.142527863666774,4.063749932060685,1.5587347525723674,399,2.759223059817827,7.670548218911223
401,3.023476347687877,1.9163956625333345,1.653182249195006,401,4.3945242447398645,7.976979550292823
403,2.9202281382106907,2.43065168888801,1.8158682108884123,403,4.069101854296996,9.913838442120406
410,2.1217353423497425,1.40757218248317,1.6193297224842178,410,1.0137082547627518,8.44491900791904
430,3.087052470212937,1.7434732233835852,1.6917203867106307,430,4.573440427961285,9.220399101508082
436,0.9452406733332364,0.7683731628767028,2.0465212737404137,436,2.8575150947649286,8.647983220514684
437,0.1199718761165886,0.1078517834673435,0.3107374166835175,437,4.0821770805892745,9.40881623306978
444,3.397557213093967,2.5427231044055625,0.7745230699857308,444,1.5818278958234326,9.362493192954153
464,0.8805747310210732,0.6538807753317979,1.70746774552119,464,2.241410657052708,9.15590833193166
465,3.319948336459188,1.3448044919669044,2.6292905342256248,465,7.896734575154198,10.272990835931779
467,0.3333161506564868,0.2601895386119732,0.8033617261898045,467,2.0822682224096623,10.08796710313332
486,1.1883594190258195,0.8979400773086637,1.9643402657078173,486,6.583104879031311,7.458603252048706
490,6.2164011097149885,2.764112359442935,2.438356056179126,490,8.518938952513112,7.510594939258916
492,4.597409923961616,2.453851672552088,0.797081229565662,492,4.296024531876825,8.513231025405341
493,6.768524865941131,1.362486486325631,1.0518332437739346,493,3.9618190645752485,8.153089911827543
498,0.660357281504039,0.5027138359721981,1.637562320273128,498,4.843570946546632,6.727561712815183
502,7.447153034903357,3.97232518042817,2.0829341328333104,502,4.397176552815202,8.43277253985825
511,3.1686423272366517,2.682377613335907,2.5287016511137903,511,4.015637346804862,9.30439251298866
514,0.1821964429201692,0.1487425185863085,0.5229377928697687,514,6.393594754917354,9.270006869654123
536,6.086280842016294,4.0662813062030265,2.0818919937935627,536,3.122568958583103,7.8487698610877725
537,2.395840792767695,1.8042265094254404,2.2158830015550013,537,2.622667638745166,7.327835057975078
570,7.813653496355334,2.251739436606359,1.2129872264248824,570,5.7904343939095,7.96754791135577
585,8.542458965739776,4.055608888118325,1.559457956439715,585,2.2193848040537536,10.557137607651253
588,0.6284659276419777,0.5114631096862379,1.879465184641652,588,3.697265940550255,7.457441170983568
595,2.930968815214384,2.179502671063024,0.6548698307573391,595,4.392841256986784,8.630355107573406
601,10.178891647416524,4.080439938414349,1.131795126452971,601,2.941578249733131,7.836550687866175
602,0.3305917899476842,0.2922236400336979,1.2135761769025264,602,1.6612654440366295,9.747917115108619
604,3.240757926987177,2.3489871160035243,1.1790339611236638,604,10.674202343978479,9.663430890056555
612,4.102814632047695,3.2320999941866075,1.7889125503340342,612,0.7179645311389374,10.806771639392107
615,0.255865366531296,0.2230826022525054,0.8103665624304384,615,4.772636967494784,9.197026045576527
616,5.966430246595731,4.2444713498276485,1.6884879007311948,616,6.221034676324239,9.897849041311177
619,0.8455513283736567,0.6088529187650482,1.0108288469860227,619,2.973066782616963,10.266036481022848
621,2.652042199174325,2.0183627940862703,2.638114934570898,621,0.814074944659781,9.24957008576378
623,0.8686030233122519,0.7793043268603581,2.712258711958137,623,0.734437640347179,10.81556259881047
629,0.462351967164971,0.3748835283318257,0.8400940268942201,629,12.702648354022902,10.271903748996117
647,4.296943418416193,3.071896597748566,1.68423223110603,647,1.8873756027416884,10.338950458977369
652,0.7854904295348826,0.6471154008042488,1.250852958574737,652,3.597963200803929,9.285547592809758
659,3.772337011009624,2.69903242156652,4.261326311062652,659,1.4433522653721291,9.671872358993468
665,1.371193781874938,1.1260769039841714,1.548868089485647,665,2.7548407677219298,10.046546755432534
666,6.105851377089659,4.573094362793474,2.0335454178852475,666,1.318456037166163,10.426014243851782
668,9.714418451342212,2.096194356192606,1.1898405479275596,668,4.710089217791386,10.370702426397425
672,0.5366502725987097,0.442303978094495,1.3146430167954293,672,4.3412259383518235,9.22188940597192
673,4.800783511390332,3.379215999005296,1.7860747366097591,673,1.040630848111113,6.424959303826381
674,5.327485011563589,4.353762259199383,4.950065881647957,674,1.8162767565071258,6.012306128889688
676,0.2095156847743275,0.1924177139656473,1.260240102545584,676,5.724626198122331,6.300166359778416
678,1.6217175627605016,1.3659275401408522,1.118261895787592,678,1.900779456566339,6.152585133297175
679,0.3880417197213466,0.3150701385539845,1.267188560782195,679,2.989728027287089,6.00195946218266
686,0.5433941177962485,0.4529655358908604,1.601843937341644,686,8.89062690757525,4.77100273462688
688,0.7444591515677965,0.6544280936888951,1.7291272829263449,688,3.884141941349977,4.764407708305902
691,4.412689362993725,3.4206613139866557,2.177707287277121,691,1.1406495571049193,6.977270673441012
696,0.2362855051428178,0.2026108360769791,1.0864405203993115,696,9.582066380263607,4.702729779706397
700,1.216414195502697,0.9565569031004416,1.1899386665363405,700,7.804153041157675,5.112567812504713
701,0.3921996188359919,0.360024327628528,0.7454282242731534,701,2.1109902774141283,5.782532995487032
704,0.0969826865683556,0.0818598493966651,0.3163666050221416,704,6.985681983274895,6.148004144575221
705,0.5362784205322297,0.4004092589178336,1.09421347378699,705,3.3793162492825006,5.156662163591221
709,6.231681898309193,3.280694827680774,0.771655939679464,709,2.203191465448445,6.049985758024769
710,4.24164411451701,2.532006857560466,1.6828236964747552,710,4.932097209665008,4.590182497458097
712,3.9215565978102696,2.6935071755919218,2.1831527032316345,712,1.775573636674889,6.222455382727816
715,2.9061850781778027,2.271016795369734,1.8188931959444936,715,10.753917489125675,5.051483345487005
722,8.330116568334192,1.3643713909026918,0.5980704163442265,722,4.808991989016894,4.94042924602567
738,0.3926434525132212,0.3201217908691571,1.052052599609917,738,4.193493328264511,5.0020631437033405
744,0.4125404905840457,0.3369474758848312,0.566237544110836,744,11.27238598527773,4.583917741561478
745,4.921577526241512,3.5642700187421994,2.835549628578361,745,8.048754294020341,5.768020196319084
755,0.6859204949935815,0.5729587028457287,1.8852247128195607,755,5.267014028874385,6.1325074801660096
758,5.977395427215161,3.748816537192522,1.56603778251152,758,8.413482636835068,3.3425899232181866
759,0.1457867655729456,0.1244199931335769,0.5113784414892173,759,0.9282196294696226,5.990269171480828
762,6.975403596328927,2.328734439344018,0.8302846713982754,762,7.593940599344683,5.684944319105173
763,4.063117791677331,3.284608910194465,1.304750100410903,763,6.750671005529441,5.082750605642933
764,2.123612073029671,1.7333462697742608,1.6919657368379577,764,10.945766379093715,5.62877315593116
768,1.238546325857092,0.9521139787210736,1.929521731228366,768,3.0806626074290575,3.9552690659173853
796,1.943194773149788,1.3940143881813645,2.9657654624840752,796,2.2770489323668,9.178365952186464
808,2.9515800398108976,2.375848443794304,1.7927246220703372,808,5.72904654555338,9.034670678715283
814,3.90068861953282,1.60556298805116,1.970602414665848,814,4.9097412676067185,7.790969391237753
817,2.485849731005646,2.0809788699722374,1.8971346693839672,817,1.8393472976235608,7.47937243246998
818,2.843202957486673,2.261694757883287,1.705254483754386,818,3.4195265695294177,7.2569183241216475
836,1.278216510452686,1.053668927788753,1.6354910778074163,836,0.8616751300565587,6.714944011488434
849,7.653425072769004,2.015098508680192,0.607954007182741,849,2.5529866686060916,8.468059374521632
850,0.3946444618417928,0.3400850562192378,1.0234538097146595,850,4.460990133550232,6.60436482872836
855,1.1774417175619911,0.9510085100077968,1.958085512415944,855,0.810808387315017,6.896041637754468
857,0.1933550567818542,0.1700125009235371,0.4951214781247284,857,4.9158554930629546,8.21887124807124
858,6.982281292823839,1.5470039075528668,1.1770888852619912,858,5.7321183176108255,8.214947779761884
861,7.274224121039338,3.2320237888682035,1.1189332988990524,861,2.7628877153741542,8.530130371315657
867,0.7118785166510673,0.5996715040301623,2.768657905821046,867,1.2905292920054763,6.531275665007496
874,0.2300603922373447,0.2104250516668537,1.1039350286285623,874,2.8110995230344678,6.641681376622224
915,2.4802896841745223,1.5757261750953466,1.203095397458828,915,1.36514139619301,7.075984982048566
935,1.4173980414767673,1.1129154167326512,1.581973558100921,935,3.198901313635254,6.835100612961267
941,4.936218319428442,4.109264597927903,1.504419614855565,941,6.201175230938579,5.758981770715727
954,2.067347351302008,1.7722360066587155,2.4025370240551087,954,2.990823606641113,6.7864250469481595
449,0.9248673823313652,0.7067277638045923,1.5071665730341557,449,16.401014286348158,9.651785292482476
902,6.593719006376967,3.3894516337202294,1.607201492075058,902,15.115053459912408,7.223619650908714
