NSPEC,TARGID,MAG_R,MAG_G,SNR_RED,SNR_BLUE,WEAVE_RA,WEAVE_DEC,CSV_RA,CSV_DEC,FLAG_Z,Z_FINAL
5,A2142-2538,18.5488,19.5135,9.647835731506348,2.458303928375244,239.4519037,26.5164597,239.452,26.5164,3.0,0.0902219
6,A2142-2649,19.2129,19.9198,7.643599510192871,3.106400966644287,239.5912847,26.4329971,239.591,26.433,3.0,0.0854734
8,A2142-7614,18.8543,19.4835,6.226874828338623,2.47681188583374,239.9890324,26.1963247,239.989,26.1963,3.0,0.0861621
11,A2142-2537,19.4497,20.3764,5.592811584472656,1.752431869506836,239.4771412,26.5575165,239.477,26.5575,3.0,0.0875949
16,A2142-2648,19.383,20.2359,6.668150424957275,2.247275352478028,239.6885365,26.5764398,239.689,26.5764,2.0,0.087253
17,A2142-2766,18.77,19.7173,12.200872421264648,4.229531288146973,239.7066373,26.3753764,239.707,26.3753,2.0,0.0865622
24,A2142-7628,18.4453,19.2092,13.802515029907228,6.443246364593506,240.0017109,26.0657349,240.002,26.0658,3.0,0.0905921
26,A2142-2453,19.6509,20.0094,4.549573421478272,2.853135824203491,239.448743,26.6331131,239.449,26.6332,3.0,0.0863811
27,A2142-8587,18.9613,19.791,9.210698127746582,3.872446775436402,239.544911,26.7026441,239.545,26.7026,3.0,0.0922742
28,A2142-2550,19.3622,20.204,6.671457290649414,2.1824231147766118,239.5836791,26.527825,239.584,26.5278,3.0,0.0882889
29,A2142-2768,18.8829,19.8698,9.43881607055664,3.411403179168701,239.8061429,26.4389617,239.806,26.439,3.0,0.0868414
30,A2142-2658,18.6134,19.6033,13.679458618164062,4.985693454742432,239.7519866,26.5047543,239.752,26.5047,3.0,0.0875708
35,A2142-2560,19.6753,20.5362,5.918680667877197,1.856460690498352,239.6145668,26.6163775,239.615,26.6164,3.0,0.0843384
37,A2142-2536,18.8861,19.8017,9.703653335571287,3.196829080581665,239.4864481,26.5772419,239.487,26.5773,2.0,0.0875275
41,A2142-2783,19.9631,20.9084,4.415162563323975,1.3070907592773438,239.805189,26.462092,239.805,26.4621,3.0,0.0870666
47,A2142-2443,18.7863,19.3965,6.695701599121094,2.795994281768799,239.4168843,26.6089573,239.417,26.6089,3.0,0.0906761
48,A2142-2528,19.461,20.418,7.86734676361084,2.570107936859131,239.6158242,26.6401432,239.616,26.6401,3.0,0.0852545
49,A2142-3948,19.7728,20.5738,3.7885372638702393,1.2480524778366089,239.71672,26.8817446,239.717,26.8817,3.0,0.0934347
55,A2142-8593,18.3318,19.2956,12.614052772521973,4.321342945098877,239.6138098,26.6759421,239.614,26.6759,3.0,0.0865533
59,A2142-2644,19.9549,20.608,5.854259967803955,2.741330623626709,239.6589388,26.6053741,239.659,26.6054,3.0,0.0842882
64,A2142-8710,19.4075,20.3008,7.984116554260254,2.666665554046631,239.738418,26.6676404,239.738,26.6676,2.0,0.0861882
71,A2142-2664,19.7686,20.6057,7.067630767822266,2.6416056156158447,239.7349443,26.5291816,239.735,26.5292,3.0,0.0861326
75,A2142-2892,19.3501,20.1182,5.934085369110107,2.2189831733703613,239.9664706,26.4165248,239.966,26.4166,3.0,0.0892056
77,A2142-5379,18.4935,19.4851,14.673322677612305,5.485530853271484,239.5556863,26.748167,239.556,26.7481,3.0,0.0873369
81,A2142-2907,19.9556,20.8176,4.91744327545166,1.827054023742676,239.9352105,26.4031735,239.935,26.4032,3.0,0.090905
85,A2142-8709,19.3439,20.2754,7.877060890197754,2.696321487426758,239.6959318,26.627711,239.696,26.6278,3.0,0.0861387
92,A2142-2659,17.7657,18.7516,19.032527923583984,8.07568645477295,239.6944283,26.4142223,239.694,26.4142,3.0,0.0870759
93,A2142-8586,19.5743,20.3116,5.308969497680664,2.0643632411956787,239.550892,26.7175172,239.551,26.7175,3.0,0.086701
94,A2142-8874,19.0173,19.9638,10.20486831665039,3.7322940826416016,239.9230876,26.4963629,239.923,26.4964,3.0,0.0907601
95,A2142-4147,19.2413,20.1299,7.62812614440918,2.698770523071289,239.4979537,26.7612343,239.498,26.7613,3.0,0.0867979
107,A2142-7622,18.0551,19.0474,18.60007667541504,7.269609451293945,239.9550985,26.0799308,239.955,26.0799,3.0,0.0912373
109,A2142-6138,19.7008,20.5979,6.441014289855957,2.252011775970459,239.3057901,26.0752398,239.306,26.0753,3.0,0.0940135
131,A2142-7243,19.3308,19.5244,8.131629943847656,5.737586975097656,239.3383497,26.3352846,239.338,26.3353,3.0,0.0921321
133,A2142-7166,19.7581,20.3955,5.333491325378418,2.134649991989136,239.3156116,26.5028903,239.316,26.5029,2.0,0.0849637
135,A2142-1156,19.1415,19.8631,6.66581916809082,2.3871920108795166,239.2889821,26.3146407,239.289,26.3147,3.0,0.0885146
143,A2142-1161,17.8233,18.8642,21.77425765991211,8.43359088897705,239.3418792,26.3057251,239.342,26.3057,3.0,0.0848579
146,A2142-1425,19.3455,20.1253,6.824147701263428,2.889202117919922,239.7069283,26.0489288,239.707,26.049,3.0,0.0885769
147,A2142-7236,18.413,19.3613,15.905747413635254,6.3112101554870605,239.416542,26.2828422,239.417,26.2828,2.0,0.0843037
174,A2142-7723,18.0283,19.0205,17.306434631347656,6.991610050201416,240.1476628,26.0635514,240.148,26.0635,2.0,0.088597
193,A2142-4197,18.1206,19.1016,12.822839736938477,5.089980602264404,239.8339761,26.895839,239.834,26.8958,3.0,0.0864377
195,A2142-4174,19.0092,19.9427,10.213212013244627,3.617288112640381,239.7728806,26.8900754,239.773,26.8901,3.0,0.0945095
196,A2142-8754,19.8956,20.5644,3.4209930896759038,1.457506537437439,239.881285,26.6876629,239.881,26.6877,3.0,0.0897412
197,A2142-9026,18.9603,19.9174,9.967796325683594,3.460296630859375,240.0426794,26.5148298,240.043,26.5149,3.0,0.094273
202,A2142-8707,18.6834,19.6855,13.570667266845703,4.806673049926758,239.7820424,26.7626213,239.782,26.7626,3.0,0.0860944
206,A2142-9015,19.1708,19.9796,8.517729759216309,3.1617393493652344,240.0214666,26.5300994,240.021,26.5301,2.0,0.0899332
213,A2142-8739,19.9974,20.835,5.540243148803711,1.9890384674072263,239.8826354,26.7422867,239.883,26.7423,2.0,0.0905128
214,A2142-8732,17.7409,18.7224,17.980850219726562,7.303860187530518,239.8667652,26.6589415,239.867,26.6589,3.0,0.0878883
217,A2142-4456,18.013,19.0139,19.01760482788086,7.25830078125,240.1015275,26.6764482,240.102,26.6764,3.0,0.0898314
222,A2142-4216,19.6477,20.3846,3.928624391555786,1.672119140625,239.9975793,26.9301887,239.998,26.9302,3.0,0.089359
224,A2142-8858,19.9147,20.499,6.263425827026367,3.154930591583252,239.9333552,26.6023325,239.933,26.6024,2.0,0.0902301
229,A2142-4314,19.5226,20.3601,5.527640342712402,2.303642749786377,240.0389174,26.7869579,240.039,26.787,3.0,0.0866451
234,A2142-8887,19.2888,20.4409,7.366325855255127,2.2545900344848637,239.9198686,26.5623141,239.92,26.5624,2.0,0.0923263
235,A2142-2912,19.8268,20.844,3.341545581817627,1.1125779151916504,240.0362243,26.4177509,240.036,26.4178,3.0,0.0878318
236,A2142-8880,19.3174,20.2233,7.1078290939331055,2.778945207595825,239.9511257,26.5083609,239.951,26.5084,3.0,0.0870538
238,A2142-4212,18.3012,19.2263,11.449847221374512,4.6149773597717285,239.9594856,26.9215064,239.96,26.9215,2.0,0.0915392
241,A2142-9149,19.3204,19.7599,4.307015419006348,2.2955892086029053,240.2047727,26.5184204,240.205,26.5185,3.0,0.0869122
246,A2142-3012,19.3695,20.2327,7.510090351104736,3.1524229049682617,240.1248642,26.3187293,240.125,26.3188,3.0,0.0849763
250,A2142-9038,19.7825,20.0609,3.967118501663208,2.645263195037842,240.1529728,26.4628827,240.153,26.4629,3.0,0.0929655
257,A2142-10010,18.9072,19.7862,6.372417449951172,2.47874116897583,240.2799298,26.9661622,240.28,26.9662,3.0,0.0899971
274,A2142-9996,18.0663,19.0324,12.988445281982422,5.708209991455078,240.1646015,26.9895979,240.165,26.9896,2.0,0.0907573
275,A2142-4316,18.4774,19.3991,9.484403610229492,3.620331525802612,240.0792715,26.7942788,240.079,26.7943,3.0,0.0894629
276,A2142-4320,18.8888,19.7796,5.301334381103516,2.11673641204834,240.1110305,26.8256243,240.111,26.8257,3.0,0.0917494
287,A2142-4583,19.0083,19.7762,8.648746490478516,3.6526808738708496,240.2316785,26.6169809,240.232,26.617,3.0,0.0878083
296,A2142-345,17.8323,18.8906,16.328292846679688,6.2003173828125,239.4449475,25.6608597,239.445,25.6608,3.0,0.0891342
305,A2142-569,19.1289,19.8036,7.483314514160156,3.2374117374420166,239.7242179,25.5679283,239.724,25.5679,3.0,0.0908307
309,A2142-1569,19.6875,20.3727,4.064074993133545,1.7564029693603516,239.9777473,25.8245663,239.978,25.8246,3.0,0.0916255
337,A2142-7632,17.9554,18.7255,13.446866035461426,6.383941650390625,240.0208079,26.0293749,240.021,26.0294,3.0,0.0907882
344,A2142-7720,18.1499,19.194,15.107673645019531,5.5502142906188965,240.0499594,26.0239043,240.05,26.0239,3.0,0.0904371
354,A2142-7623,17.7057,18.6527,19.202001571655277,8.129541397094727,239.9248138,26.0143225,239.925,26.0143,3.0,0.0880992
363,A2142-354,19.3209,20.08,5.1424431800842285,1.957147479057312,239.5466383,25.6937037,239.547,25.6937,3.0,0.0894688
389,A2142-7825,18.7491,19.6555,7.477048397064209,2.746151924133301,240.2421773,25.819822,240.242,25.8199,3.0,0.0886416
390,A2142-1674,19.1539,19.7465,5.247156143188477,2.4787302017211914,240.1636111,25.7712627,240.164,25.7712,3.0,0.0886133
392,A2142-1678,19.4327,20.4335,5.42830753326416,1.730607986450195,240.2077462,25.7264999,240.208,25.7266,3.0,0.0890102
396,A2142-1768,18.6642,19.6618,9.635226249694824,3.4258241653442383,240.2955273,25.5737572,240.296,25.5738,3.0,0.0878342
397,A2142-7820,19.7995,20.5053,3.2476110458374023,1.3658877611160278,240.1950323,25.8540617,240.195,25.8541,3.0,0.0882168
399,A2142-1765,18.0623,19.0081,14.454615592956545,5.634418487548828,240.2871462,25.7567606,240.287,25.7568,3.0,0.0875952
403,A2142-920,19.8562,20.74,4.262420177459717,1.369295597076416,240.2444666,25.170952,240.244,25.171,3.0,0.0872964
410,A2142-1866,19.6056,20.3569,5.038389682769775,2.000913381576538,240.3284743,25.5984293,240.329,25.5985,3.0,0.088263
436,A2142-6660,19.9002,20.5255,3.103116512298584,1.280958652496338,240.1537645,25.4957512,240.154,25.4958,3.0,0.0894019
444,A2142-824,18.8646,19.7977,8.792844772338867,2.9905800819396973,240.2189509,25.3269276,240.219,25.3269,3.0,0.088449
449,A2142-909,17.9662,18.9749,15.344727516174316,5.435127258300781,240.2535732,25.1158955,240.254,25.1159,3.0,0.0829264
464,A2142-1961,17.3399,18.4075,22.204736709594727,8.842248916625977,240.4735782,25.4765149,240.474,25.4765,2.0,0.0877874
465,A2142-7038,19.822,20.0236,3.834048271179199,2.445744752883911,240.6804204,25.2360405,240.68,25.236,3.0,0.0858388
467,A2142-6925,18.82,19.7038,7.43375301361084,2.4823198318481445,240.5884565,25.2989947,240.588,25.299,3.0,0.0878522
486,A2142-1666,19.2539,19.9919,3.922163724899292,1.56482195854187,240.0767659,25.778105,240.077,25.7782,3.0,0.0907815
490,A2142-1669,18.7367,19.427,7.566657066345215,3.5257928371429443,240.1438762,25.8094516,240.144,25.8094,3.0,0.0914741
492,A2142-5654,18.2298,19.182,14.72959041595459,5.464112281799316,239.5545242,25.2269637,239.554,25.2269,3.0,0.0882149
498,A2142-1566,18.1473,19.1616,14.262171745300291,5.55732011795044,239.9944041,25.9054394,239.994,25.9054,3.0,0.0901555
502,A2142-1,19.9489,20.4748,3.373627185821533,1.4857187271118164,239.512662,25.2294763,239.513,25.2294,3.0,0.0882957
536,A2142-6507,18.925,19.7471,7.689272403717041,2.976804733276367,239.9150217,25.5804651,239.915,25.5804,3.0,0.0893233
537,A2142-6502,19.1987,20.0939,7.809158802032471,2.8069372177124023,239.8654606,25.680102,239.865,25.6802,3.0,0.089066
570,A2142-6589,19.7429,20.4208,4.106797218322754,1.6777760982513428,240.0556319,25.6398341,240.056,25.6398,3.0,0.0904769
585,A2142-2269,18.9781,19.8851,8.372122764587402,3.1153011322021484,240.8172555,25.2851825,240.817,25.2852,3.0,0.0878312
588,A2142-7826,18.239,19.241,13.528054237365724,4.922892093658447,240.2746948,25.8491017,240.275,25.8491,3.0,0.0898137
595,A2142-1871,18.8911,19.7802,7.835700035095215,2.688659429550171,240.4514414,25.6501542,240.451,25.6502,3.0,0.0900707
601,A2142-7924,18.3121,19.2724,12.984380722045898,5.145316123962402,240.4305927,25.7786833,240.431,25.7787,3.0,0.0875239
602,A2142-2078,19.5212,20.3937,4.983202934265137,1.6951357126235962,240.7434533,25.4857955,240.743,25.4858,2.0,0.0890844
604,A2142-6917,17.8422,18.7774,15.171279907226562,6.332125186920166,240.589687,25.322226,240.59,25.3223,3.0,0.0848711
615,A2142-1966,17.5717,18.7033,17.535964965820312,5.838323593139648,240.5025451,25.456714,240.503,25.4567,2.0,0.0869069
616,A2142-1956,19.848,20.7219,4.072240352630615,1.2195217609405518,240.5411746,25.4008095,240.541,25.4009,3.0,0.0907181
619,A2142-2220,19.2304,20.0938,7.079614639282227,2.289761543273926,240.7105087,25.3010936,240.711,25.3011,3.0,0.0875437
621,A2142-8111,19.461,20.394,4.265296936035156,1.3171181678771973,240.7147621,25.583096,240.715,25.5831,3.0,0.0886222
629,A2142-8369,19.1491,19.4843,3.973153829574585,2.582214832305908,240.9723508,25.56218,240.972,25.5622,3.0,0.0929297
652,A2142-1973,18.0398,19.032,12.017318725585938,4.092541217803955,240.5939515,25.5492662,240.594,25.5493,3.0,0.0897993
659,A2142-8245,18.9872,19.9307,6.912419319152832,2.6086974143981934,240.7978686,25.5050865,240.798,25.5051,3.0,0.0881822
665,A2142-2244,18.6864,19.675,10.495112419128418,3.5437381267547607,240.8529564,25.4233059,240.853,25.4233,3.0,0.087675
666,A2142-2276,18.31,19.2752,10.432872772216797,3.794373035430908,240.8914922,25.3801867,240.891,25.3801,3.0,0.0888561
668,A2142-8507,19.0704,19.8701,7.766239166259766,2.961472988128662,241.0044636,25.3918232,241.005,25.3918,2.0,0.0870219
672,A2142-8118,19.976,20.8998,3.3251640796661377,1.2532368898391724,240.7226411,25.6280591,240.723,25.628,2.0,0.0900257
673,A2142-3239,17.4251,18.5218,23.92865753173828,9.531927108764648,240.3485638,26.1161491,240.349,26.1161,3.0,0.0888365
674,A2142-9357,19.6065,20.179,5.292304039001465,2.3133795261383057,240.5222347,26.2956632,240.522,26.2957,3.0,0.0888597
676,A2142-3225,19.9639,20.672,3.326078414916992,1.3170857429504397,240.3933119,26.1270347,240.393,26.1271,3.0,0.0865604
678,A2142-9392,19.9305,20.4717,3.316364288330078,1.5868868827819824,240.6013429,26.2942762,240.601,26.2943,3.0,0.0887141
686,A2142-5319,19.4562,20.1367,4.717001914978027,2.1419572830200195,240.9369445,26.7424978,240.937,26.7425,3.0,0.0857479
688,A2142-4693,19.1807,20.0654,7.921209335327148,3.0517396926879883,240.5051338,26.6037494,240.505,26.6038,3.0,0.0896447
691,A2142-7819,18.1977,19.1556,11.887306213378906,4.568811416625977,240.239976,25.9332487,240.24,25.9332,3.0,0.0889188
700,A2142-10451,19.2032,19.6596,5.259085655212402,2.971274375915528,240.7184863,26.6326878,240.718,26.6327,3.0,0.0910177
701,A2142-9269,19.1917,19.58,6.499314308166504,3.8757264614105225,240.3450415,26.2776321,240.345,26.2776,3.0,0.0891909
704,A2142-3231,18.2794,19.1894,9.962591171264648,3.469932794570923,240.2882128,26.1100525,240.288,26.11,3.0,0.0861097
705,A2142-4029,19.7621,20.4667,4.129467010498047,1.968113899230957,240.5737268,26.5357708,240.574,26.5358,3.0,0.0894004
709,A2142-3140,19.2934,20.2765,7.380374431610107,2.372929096221924,240.3553092,26.2177075,240.355,26.2178,2.0,0.0892394
710,A2142-10354,19.5616,20.1662,6.227658748626709,2.9027881622314453,240.6399942,26.7094743,240.64,26.7095,3.0,0.0899149
712,A2142-3235,19.4844,20.332,6.0159687995910645,2.068521499633789,240.3704817,26.1798219,240.37,26.1798,3.0,0.0890837
715,A2142-10478,19.9654,20.708,4.264064311981201,1.5834368467330933,240.7668131,26.6822657,240.767,26.6823,3.0,0.0920675
722,A2142-9155,19.9037,20.3702,3.36868667602539,1.8275833129882808,240.1649737,26.4152613,240.165,26.4153,3.0,0.0901739
738,A2142-9158,18.6918,19.1061,8.488178253173828,5.076501846313477,240.2119386,26.4185755,240.212,26.4185,3.0,0.0899513
744,A2142-5268,18.4699,19.4222,13.393439292907717,5.377120971679688,240.7875548,26.8036867,240.788,26.8037,2.0,0.0922163
745,A2142-9265,19.3612,20.2111,6.938058376312256,2.372511863708496,240.3203804,26.3019613,240.32,26.302,3.0,0.0912964
755,A2142-3135,19.5118,20.4398,7.5757341384887695,2.929267406463623,240.3175405,26.1984257,240.317,26.1984,3.0,0.0903379
759,A2142-3118,18.6542,19.5733,12.20179843902588,5.089849472045898,240.2492472,26.1679087,240.249,26.1679,3.0,0.0882171
762,A2142-3030,19.7307,20.6649,4.637057304382324,1.6393828392028809,240.1824857,26.2575857,240.183,26.2576,3.0,0.0911516
763,A2142-4689,18.2458,19.194,14.472569465637209,5.869466781616211,240.430855,26.5084053,240.431,26.5084,3.0,0.0907849
764,A2142-9166,19.3544,20.1016,7.8676605224609375,3.495483636856079,240.2341597,26.3108863,240.234,26.3109,3.0,0.0923103
768,A2142-4593,18.9578,19.7011,8.824201583862305,3.767334222793579,240.3117982,26.6917387,240.312,26.6918,3.0,0.0875917
796,A2142-3767,17.2801,18.3458,25.752769470214844,10.330763816833496,241.0323379,25.7401362,241.032,25.7401,2.0,0.0885233
808,A2142-8130,19.8625,20.6808,3.943335056304932,1.4126286506652832,240.7333523,25.6894085,240.733,25.6894,2.0,0.0905023
814,A2142-7995,18.2471,19.2562,13.56687831878662,5.125531196594238,240.5191892,25.8151946,240.519,25.8152,3.0,0.0868515
817,A2142-7922,17.9089,18.9456,15.217484474182127,5.626283645629883,240.459602,25.8888805,240.46,25.8889,3.0,0.0879221
818,A2142-7918,19.6155,20.5113,4.858734607696533,1.5973533391952517,240.4306162,25.9195984,240.431,25.9196,3.0,0.0873608
836,A2142-3251,18.3899,19.3584,13.640056610107422,5.352766036987305,240.3838637,26.0595369,240.384,26.0596,3.0,0.0887601
849,A2142-8093,19.1852,19.6105,6.840087890625,3.787875890731812,240.6643207,25.7692651,240.664,25.7693,3.0,0.0893627
850,A2142-3262,19.8275,20.9789,5.496659278869629,1.020589828491211,240.3559608,26.0417835,240.356,26.0418,3.0,0.0869913
855,A2142-3330,18.8068,19.8336,11.25439167022705,3.896735668182373,240.456038,26.0417202,240.456,26.0417,3.0,0.0884489
857,A2142-7997,18.7822,19.8828,11.269954681396484,3.485124349594116,240.509781,25.7796349,240.51,25.7796,3.0,0.0902405
858,A2142-7999,18.7037,19.7218,9.664118766784668,3.58755111694336,240.5191479,25.7908567,240.519,25.7908,3.0,0.0905226
861,A2142-8098,19.9416,20.279,3.8134958744049072,2.295497417449951,240.7024941,25.7725841,240.703,25.7726,2.0,0.0894204
867,A2142-9368,18.9024,19.7455,10.30788230895996,4.308223724365234,240.527763,26.1644982,240.528,26.1645,2.0,0.0884933
874,A2142-9475,19.8447,20.8168,3.6813151836395264,0.8205985426902771,240.6487682,26.1782757,240.649,26.1783,2.0,0.0877675
902,A2142-5031,19.3113,19.8775,6.493509769439697,3.193702459335327,241.0560274,26.123946,241.056,26.1239,3.0,0.0834146
915,A2142-3338,19.143,19.9484,6.011998176574707,2.1567108631134038,240.6041832,26.0655848,240.604,26.0656,3.0,0.0885355
935,A2142-4938,18.977,19.6833,8.944600105285645,3.729112148284912,240.9690953,26.2907017,240.969,26.2907,3.0,0.0887089
941,A2142-4116,19.9567,20.7193,3.7922887802124015,1.3226759433746338,240.5757929,26.4076311,240.576,26.4077,3.0,0.0905582
954,A2142-3258,18.8503,19.7961,8.54198932647705,2.7405920028686523,240.4613826,26.090692,240.461,26.0906,3.0,0.0895185
