TARGID,MAG_R,MAG_G,SNR_RED,SNR_BLUE,WEAVE_RA,WEAVE_DEC,CSV_RA,CSV_DEC,FLAG_Z,Z_FINAL,D_along,D_fil,is_member,nspec,timesc,err_lo,err_hi,t99,err_lo_t99,err_hi_t99,m_star,err_lo_m,err_hi_m
A2142-2538,18.5488,19.5135,9.647835731506348,2.458303928375244,239.4519037,26.5164597,239.452,26.5164,3.0,0.0902219,3.188441374895403,4.515748484821371,True,5,0.8766603136147886,0.61727596923261,2.563281385259128,10.589258452768291,1.53086612735523,1.363350318535339,10.589258452768291,1.53086612735523,1.363350318535339
A2142-2649,19.2129,19.9198,7.643599510192871,3.106400966644287,239.5912847,26.4329971,239.591,26.433,3.0,0.0854734,3.599221187804293,9.759461644191036,False,6,0.942004283008112,0.7294233187232928,1.9366798470274065,4.196298555155034,1.6682212200043836,3.4724175864496765,4.196298555155034,1.6682212200043836,3.4724175864496765
A2142-7614,18.8543,19.4835,6.226874828338623,2.47681188583374,239.9890324,26.1963247,239.989,26.1963,3.0,0.0861621,5.275969915874445,7.698167327138904,False,8,3.894458042317398,2.984182856309923,1.1365520604374917,12.357332656143925,0.8391460252702636,0.2098758518995058,12.357332656143925,0.8391460252702636,0.2098758518995058
A2142-2537,19.4497,20.3764,5.592811584472656,1.752431869506836,239.4771412,26.5575165,239.477,26.5575,3.0,0.0875949,2.9789433622449364,3.898423444949108,True,11,2.6588105632951127,2.0226785586976543,1.8885217369290128,9.82741044545642,1.947368247877364,2.2951995693024507,9.82741044545642,1.947368247877364,2.2951995693024507
A2142-2648,19.383,20.2359,6.668150424957275,2.247275352478028,239.6885365,26.5764398,239.689,26.5764,2.0,0.087253,3.2763681532023656,4.581350483906342,True,16,2.4798535895172105,2.236916422995254,1.3690769685778506,12.147493597985427,1.3890040745537655,0.3162899402624965,12.147493597985427,1.3890040745537655,0.3162899402624965
A2142-2766,18.77,19.7173,12.200872421264648,4.229531288146973,239.7066373,26.3753764,239.707,26.3753,2.0,0.0865622,4.080901668771004,6.617003663472845,True,17,0.2373567940720082,0.2060164921953085,0.6725433430514105,8.800565377178357,0.7923214209071752,1.4382545613444329,8.800565377178357,0.7923214209071752,1.4382545613444329
A2142-7628,18.4453,19.2092,13.802515029907228,6.443246364593506,240.0017109,26.0657349,240.002,26.0658,3.0,0.0905921,6.107906300434359,5.170807415741477,True,24,8.020059509389235,2.5627856526175323,1.475396672420619,12.202912981621616,0.8400395963713834,0.286263933120491,12.202912981621616,0.8400395963713834,0.286263933120491
A2142-2453,19.6509,20.0094,4.549573421478272,2.853135824203491,239.448743,26.6331131,239.449,26.6332,3.0,0.0863811,2.5882973990884066,7.1934995704418325,False,26,1.4040804451704627,0.9516146553546888,1.7412013830135482,12.41002338280397,0.5931065076514308,0.1519118911894335,12.41002338280397,0.5931065076514308,0.1519118911894335
A2142-8587,18.9613,19.791,9.210698127746582,3.872446775436402,239.544911,26.7026441,239.545,26.7026,3.0,0.0922742,2.652862285634741,10.081364821415557,False,27,4.798734201232104,2.905330476959633,1.437011645390295,11.98931826977775,1.5771018780954869,0.4458947395697521,11.98931826977775,1.5771018780954869,0.4458947395697521
A2142-2550,19.3622,20.204,6.671457290649414,2.182423114776612,239.5836791,26.527825,239.584,26.5278,3.0,0.0882889,3.3182786856781714,2.052739221172399,True,28,1.745948484084928,1.5358977793958395,1.8659173753965372,12.15715051215216,1.2253059952934289,0.3495338537903478,12.15715051215216,1.2253059952934289,0.3495338537903478
A2142-2768,18.8829,19.8698,9.43881607055664,3.411403179168701,239.8061429,26.4389617,239.806,26.439,3.0,0.0868414,4.020680588418559,5.740490192614377,True,29,1.643914560266646,1.2167705434446674,2.2014823151790264,10.616878958799536,1.6959619365567633,1.4048674031703694,10.616878958799536,1.6959619365567633,1.4048674031703694
A2142-2658,18.6134,19.6033,13.679458618164062,4.985693454742432,239.7519866,26.5047543,239.752,26.5047,3.0,0.0875708,3.69121955959675,3.6727367697906477,True,30,0.4551484750539166,0.3463598134289743,0.9000507947074307,6.8632164718497455,1.0743799109307632,2.668324202055968,6.8632164718497455,1.0743799109307632,2.668324202055968
A2142-2560,19.6753,20.5362,5.918680667877197,1.856460690498352,239.6145668,26.6163775,239.615,26.6164,3.0,0.0843384,2.884608046844357,12.95462859239245,False,35,3.1323543832566187,1.219937911004445,1.182027083129479,10.49562520359276,1.7134897722279447,1.3863420705337184,10.49562520359276,1.7134897722279447,1.3863420705337184
A2142-2536,18.8861,19.8017,9.703653335571287,3.196829080581665,239.4864481,26.5772419,239.487,26.5773,2.0,0.0875275,2.9146827797758292,4.042224960568813,True,37,2.0253371237573727,1.618703644289214,2.419326690283881,4.80072662573463,1.6116840731050792,2.149337608880619,4.80072662573463,1.6116840731050792,2.149337608880619
A2142-2783,19.9631,20.9084,4.415162563323975,1.3070907592773438,239.805189,26.462092,239.805,26.4621,3.0,0.0870666,3.936893934859353,5.088864119632752,True,41,1.7519375112665854,1.1895370471332145,0.8984167440732893,3.889170135455805,0.6722375867742496,1.5795678218241085,3.889170135455805,0.6722375867742496,1.5795678218241085
A2142-2443,18.7863,19.3965,6.695701599121094,2.795994281768799,239.4168843,26.6089573,239.417,26.6089,3.0,0.0906761,2.7543660099099068,5.712693458392533,True,47,0.7581267807976797,0.6011730289077786,2.71564089019176,5.973589520944769,1.3763705364303531,3.785004296314812,5.973589520944769,1.3763705364303531,3.785004296314812
A2142-2528,19.461,20.418,7.86734676361084,2.570107936859131,239.6158242,26.6401432,239.616,26.6401,3.0,0.0852545,2.824778114365034,10.311391138933882,False,48,3.492824506348736,2.385294979655121,1.62289886691957,12.095899473919204,1.1697610217692844,0.3939247858859289,12.095899473919204,1.1697610217692844,0.3939247858859289
A2142-3948,19.7728,20.5738,3.7885372638702393,1.2480524778366089,239.71672,26.8817446,239.717,26.8817,3.0,0.0934347,2.253404144750581,13.357665455569537,False,49,0.8659372437744937,0.7059009042531237,2.482488932394525,8.410955634464894,1.8578269534807488,2.7318177466989084,8.410955634464894,1.8578269534807488,2.7318177466989084
A2142-3959,21.2202,21.4698,1.5672645568847656,0.6920017600059509,239.7330459,26.8411431,239.733,26.8412,3.0,0.0873609,2.301758468036457,4.171603882361942,True,,,,,,,,,,
A2142-8593,18.3318,19.2956,12.614052772521973,4.321342945098877,239.6138098,26.6759421,239.614,26.6759,3.0,0.0865533,2.7214695191991867,6.576941961252642,True,55,3.339934526906619,2.46879682736256,1.6973499060970134,11.88154633199791,1.509993408471619,0.5136569025828486,11.88154633199791,1.509993408471619,0.5136569025828486
A2142-2728,21.4026,21.9854,0.5204023718833923,0.2450446486473083,239.7461646,26.5373988,239.746,26.5374,3.0,0.0859811,3.4864004316027644,8.204250557919401,False,,,,,,,,,,
A2142-2644,19.9549,20.608,5.854259967803955,2.741330623626709,239.6589388,26.6053741,239.659,26.6054,3.0,0.0842882,3.003328720174742,13.090218718957935,False,59,3.568758567390944,2.553746534790813,3.3168429986942964,11.84148027892698,1.531544799287012,0.6052673817928476,11.84148027892698,1.531544799287012,0.6052673817928476
A2142-8710,19.4075,20.3008,7.984116554260254,2.666665554046631,239.738418,26.6676404,239.738,26.6676,2.0,0.0861882,2.966342100094034,7.581256395399461,False,64,3.616820701489031,2.9284282026635635,2.8817028269249105,11.182232632487384,2.4226050126379963,0.8983189662654141,11.182232632487384,2.4226050126379963,0.8983189662654141
A2142-8686,20.1885,20.9003,2.9560227394104004,1.1207399368286133,239.7337274,26.7601222,239.734,26.7601,3.0,0.0870361,2.6176953598283608,5.121408356209507,True,,,,,,,,,,
A2142-2664,19.7686,20.6057,7.067630767822266,2.6416056156158447,239.7349443,26.5291816,239.735,26.5292,3.0,0.0861326,3.504761248507796,7.774742799101445,False,71,5.715539048251672,4.5373157352414175,1.785340275814672,6.83753884804829,3.1135641695414726,0.8829544219144321,6.83753884804829,3.1135641695414726,0.8829544219144321
A2142-2892,19.3501,20.1182,5.934085369110107,2.2189831733703613,239.9664706,26.4165248,239.966,26.4166,3.0,0.0892056,4.516652268983559,1.158082000827559,True,75,4.141192918209112,1.2688770853016988,0.7131598758732443,12.262549468848572,0.9320822681690012,0.2420026919469098,12.262549468848572,0.9320822681690012,0.2420026919469098
A2142-5379,18.4935,19.4851,14.673322677612305,5.485530853271484,239.5556863,26.748167,239.556,26.7481,3.0,0.0873369,2.351156595866058,4.362976692958112,True,77,0.928643890651875,0.7624381220414413,1.2265998807592613,5.853928548395291,1.2645967777198512,3.4163759812698613,5.853928548395291,1.2645967777198512,3.4163759812698613
A2142-2669,20.0154,20.9337,5.218153953552246,1.971113681793213,239.7176835,26.425842,239.718,26.4258,3.0,0.0895035,4.03067794592455,2.299899019387448,True,,,,,,,,,,
A2142-2907,19.9556,20.8176,4.91744327545166,1.827054023742676,239.9352105,26.4031735,239.935,26.4032,3.0,0.090905,4.597704929558667,6.046842975399938,True,81,4.548323632822226,1.0201023502462894,1.450024470666503,12.143059643703456,0.9973064521687824,0.2850802604574678,12.143059643703456,0.9973064521687824,0.2850802604574678
A2142-8709,19.3439,20.2754,7.877060890197754,2.696321487426758,239.6959318,26.627711,239.696,26.6278,3.0,0.0861387,3.046198302850118,7.74497600228145,False,85,2.4008768802822718,1.9360072349003827,1.30120955223199,10.527313635572282,1.7265361080529829,1.659411264347236,10.527313635572282,1.7265361080529829,1.659411264347236
A2142-2659,17.7657,18.7516,19.032527923583984,8.07568645477295,239.6944283,26.4142223,239.694,26.4142,3.0,0.0870759,3.9275691395102954,5.157523425851439,True,92,0.4416794185187314,0.3655344590660458,0.8832423061501666,8.871126852140431,1.589280782186291,1.6632440898355068,8.871126852140431,1.589280782186291,1.6632440898355068
A2142-8586,19.5743,20.3116,5.308969497680664,2.0643632411956787,239.550892,26.7175172,239.551,26.7175,3.0,0.086701,2.447377823105802,6.1766477959263595,True,93,1.2492841025626849,0.9408012440799371,1.7489904909171807,10.424649542532816,2.6358023931998185,1.7669888578832396,10.424649542532816,2.6358023931998185,1.7669888578832396
A2142-8874,19.0173,19.9638,10.20486831665039,3.7322940826416016,239.9230876,26.4963629,239.923,26.4964,3.0,0.0907601,4.180218643331696,5.6282809774852085,True,94,0.4208849859518633,0.3454529115455234,1.0695227212586025,8.106572113306605,1.6626745845860755,2.9559399242245057,8.106572113306605,1.6626745845860755,2.9559399242245057
A2142-4147,19.2413,20.1299,7.62812614440918,2.698770523071289,239.4979537,26.7612343,239.498,26.7613,3.0,0.0867979,2.1806157219255975,5.919224546705226,True,95,2.4242906120538947,1.786561278202491,1.4848777662362398,10.69876396255971,0.7249141485601331,1.3771977052652158,10.69876396255971,0.7249141485601331,1.3771977052652158
A2142-7622,18.0551,19.0474,18.60007667541504,7.269609451293945,239.9550985,26.0799308,239.955,26.0799,3.0,0.0912373,6.002834676378437,7.035097207224125,False,107,0.4281817692140395,0.3718535539135734,1.1886466222992276,5.570554871226371,0.790147338767393,2.0602398060040805,5.570554871226371,0.790147338767393,2.0602398060040805
A2142-6138,19.7008,20.5979,6.441014289855957,2.252011775970459,239.3057901,26.0752398,239.306,26.0753,3.0,0.0940135,4.9270972696948565,15.381609157999366,False,109,6.165235727850157,4.552882208513143,1.933377286443931,11.787385597573603,1.048534276753534,0.623972577023336,11.787385597573603,1.048534276753534,0.623972577023336
A2142-7243,19.3308,19.5244,8.131629943847656,5.737586975097656,239.3383497,26.3352846,239.338,26.3353,3.0,0.0921321,3.7987607972171595,9.971769553283785,False,131,0.0769127674227529,0.0692290969132418,0.4362482501288891,12.440506700439723,0.3654545093153132,0.0658682880087457,12.440506700439723,0.3654545093153132,0.0658682880087457
A2142-7166,19.7581,20.3955,5.333491325378418,2.134649991989136,239.3156116,26.5028903,239.316,26.5029,2.0,0.0849637,2.8164304179727693,11.352635431534619,False,133,2.314271643400769,1.9452020136735888,1.407873865068968,12.204156880606687,0.8650662340852122,0.3340742431116617,12.204156880606687,0.8650662340852122,0.3340742431116617
A2142-1156,19.1415,19.8631,6.66581916809082,2.3871920108795166,239.2889821,26.3146407,239.289,26.3147,3.0,0.0885146,3.644364047718801,3.039468858271268,True,135,4.303347696169428,2.5538790254785635,2.4057381581926087,10.429937284625222,2.315006736209739,1.6919200735604851,10.429937284625222,2.315006736209739,1.6919200735604851
A2142-1161,17.8233,18.8642,21.77425765991211,8.43359088897705,239.3418792,26.3057251,239.342,26.3057,3.0,0.0848579,3.625375855870704,11.728416550344699,False,143,2.439182593446583,1.8228196520848647,2.1737189800988297,12.10011738717055,0.7803482298089701,0.2943164681669543,12.10011738717055,0.7803482298089701,0.2943164681669543
A2142-1425,19.3455,20.1253,6.824147701263428,2.889202117919922,239.7069283,26.0489288,239.707,26.049,3.0,0.0885769,5.498712284178377,2.069533446354339,True,146,4.424464084974552,2.7774271738349707,1.4664520421180791,11.038048998432338,0.9164544932793994,0.9821148168449588,11.038048998432338,0.9164544932793994,0.9821148168449588
A2142-7236,18.413,19.3613,15.905747413635254,6.3112101554870605,239.416542,26.2828422,239.417,26.2828,2.0,0.0843037,3.822437395046083,13.2526183891179,False,147,1.1470948469735172,0.933914446991861,2.9358884862757906,9.129494533243356,1.9330618261894927,2.3013603843258235,9.129494533243356,1.9330618261894927,2.3013603843258235
A2142-7723,18.0283,19.0205,17.306434631347656,6.991610050201416,240.1476628,26.0635514,240.148,26.0635,2.0,0.088597,6.253320167098148,0.7288094835415518,True,174,2.1920274444106256,1.56778954518058,1.1128207040736076,5.165187998053206,1.2570624193958988,2.221160100511044,5.165187998053206,1.2570624193958988,2.221160100511044
A2142-4197,18.1206,19.1016,12.822839736938477,5.089980602264404,239.8339761,26.895839,239.834,26.8958,3.0,0.0864377,2.24199717513852,6.837668845720421,True,193,1.019545458637979,0.8218045738256707,2.2598185095168013,8.791389194927978,1.1841033524211406,2.1772049382180185,8.791389194927978,1.1841033524211406,2.1772049382180185
A2142-4174,19.0092,19.9427,10.213212013244627,3.617288112640381,239.7728806,26.8900754,239.773,26.8901,3.0,0.0945095,2.3526406404405917,16.4510161911216,False,195,3.2720273201969903,2.492528432092156,1.7269560884820754,11.833820941718642,1.1278768932926777,0.5178178636841526,11.833820941718642,1.1278768932926777,0.5178178636841526
A2142-8754,19.8956,20.5644,3.420993089675904,1.457506537437439,239.881285,26.6876629,239.881,26.6877,3.0,0.0897412,3.269830211321973,2.696198644173549,True,196,0.1010081677142538,0.092140467725164,0.4339561858970019,2.3485133999434264,0.3230601821701815,1.0308164459818716,2.3485133999434264,0.3230601821701815,1.0308164459818716
A2142-9026,18.9603,19.9174,9.967796325683594,3.460296630859375,240.0426794,26.5148298,240.043,26.5149,3.0,0.094273,4.492286009163288,15.745392665789788,False,197,0.3930593990327906,0.2971581238612273,1.439450733299,3.045460223562828,1.1343423941164614,4.708776508563621,3.045460223562828,1.1343423941164614,4.708776508563621
A2142-8707,18.6834,19.6855,13.570667266845703,4.806673049926758,239.7820424,26.7626213,239.782,26.7626,3.0,0.0860944,2.6663661623639823,7.8316726944150785,False,202,6.672666231143824,5.191914872323378,1.6079057448528091,11.35375802424127,1.2695023260244565,0.7978365497523576,11.35375802424127,1.2695023260244565,0.7978365497523576
A2142-9015,19.1708,19.9796,8.517729759216309,3.1617393493652344,240.0214666,26.5300994,240.021,26.5301,2.0,0.0899332,4.187066046574376,3.2429306845860513,True,206,5.410514934072676,3.2040258654294806,1.5478331032933736,12.212899061163736,0.95452453642614,0.2982496897671325,12.212899061163736,0.95452453642614,0.2982496897671325
A2142-8739,19.9974,20.835,5.540243148803711,1.9890384674072263,239.8826354,26.7422867,239.883,26.7423,2.0,0.0905128,3.0734309854807216,4.926318301727586,True,213,1.8485561710441685,1.516114349166101,2.7859662026646568,8.700873881277303,2.005765823999191,3.050210869340388,8.700873881277303,2.005765823999191,3.050210869340388
A2142-8732,17.7409,18.7224,17.980850219726562,7.303860187530518,239.8667652,26.6589415,239.867,26.6589,3.0,0.0878883,3.2928452681246845,2.655540763141146,True,214,1.7422711366480952,1.3154659813904557,2.3626753117239634,9.840503649785775,1.1046902508690053,1.4545491927800125,9.840503649785775,1.1046902508690053,1.4545491927800125
A2142-4223,20.9013,21.6589,2.1511950492858887,0.90240740776062,239.7944912,26.8926627,239.794,26.8926,3.0,0.0879958,2.222522673371057,2.3340757288643945,True,,,,,,,,,,
A2142-4456,18.013,19.0139,19.01760482788086,7.25830078125,240.1015275,26.6764482,240.102,26.6764,3.0,0.0898314,3.7282868230434527,3.053347642434144,True,217,3.228390237412701,2.4589282844293923,1.2512815346785198,8.514401849131167,1.5826093267286048,1.9561638919023745,8.514401849131167,1.5826093267286048,1.9561638919023745
A2142-4266,20.1688,20.9581,4.613912582397461,1.7499651908874512,239.8882423,26.8670445,239.888,26.8671,2.0,0.0871769,2.473781827291688,4.715633712871661,True,,,,,,,,,,
A2142-4216,19.6477,20.3846,3.928624391555786,1.672119140625,239.9975793,26.9301887,239.998,26.9302,3.0,0.089359,2.477683834890598,1.8510911422181398,True,222,3.250463838182398,2.7450403947573503,1.4264261505378304,11.837809587281246,1.3480131065064445,0.5893818446515446,11.837809587281246,1.3480131065064445,0.5893818446515446
A2142-8858,19.9147,20.499,6.263425827026367,3.154930591583252,239.9333552,26.6023325,239.933,26.6024,2.0,0.0902301,3.7373586780783397,4.100758492511796,True,224,3.0953868456500317,2.429858849988797,2.1603813816482766,12.157843207026556,1.5405951270109863,0.3313566157258734,12.157843207026556,1.5405951270109863,0.3313566157258734
A2142-4314,19.5226,20.3601,5.527640342712402,2.303642749786377,240.0389174,26.7869579,240.039,26.787,3.0,0.0866451,3.0471175429633504,6.289338135021665,True,229,3.491950366578724,2.4567523968329663,2.127182515831122,12.239375959936757,1.0761897717912312,0.2777733458281393,12.239375959936757,1.0761897717912312,0.2777733458281393
A2142-8887,19.2888,20.4409,7.366325855255127,2.254590034484864,239.9198686,26.5623141,239.92,26.5624,2.0,0.0923263,3.965899697206747,10.14326615844132,False,234,1.3970212028430211,1.1729868373961116,1.3832036890796784,11.21476502902661,1.5471487392943946,1.0667029975162483,11.21476502902661,1.5471487392943946,1.0667029975162483
A2142-2912,19.8268,20.844,3.341545581817627,1.1125779151916504,240.0362243,26.4177509,240.036,26.4178,3.0,0.0878318,4.570464572141713,2.8359879478853687,True,235,1.566269602772607,1.197363951924908,1.9702421102101464,9.38140092575956,0.8395909130242298,1.9885972167605583,9.38140092575956,0.8395909130242298,1.9885972167605583
A2142-8880,19.3174,20.2233,7.1078290939331055,2.778945207595825,239.9511257,26.5083609,239.951,26.5084,3.0,0.0870538,4.015433102712532,5.07546533405877,True,236,0.7156364026177053,0.5700014092373573,1.723137897269695,8.839624060941338,1.6670223162205131,2.802657844854842,8.839624060941338,1.6670223162205131,2.802657844854842
A2142-2916,20.0041,21.0316,4.972630023956299,1.7459094524383545,240.0319358,26.338716,240.032,26.3388,3.0,0.0885789,4.921739602891759,0.7044076174554159,True,,,,,,,,,,
A2142-4212,18.3012,19.2263,11.449847221374512,4.6149773597717285,239.9594856,26.9215064,239.96,26.9215,2.0,0.0915392,2.501432788035068,7.929438107720282,False,238,2.8114127867691447,2.397429584412897,2.817739048112082,11.20989111887758,1.9192952260744232,1.064574192715865,11.20989111887758,1.9192952260744232,1.064574192715865
A2142-9149,19.3204,19.7599,4.307015419006348,2.2955892086029053,240.2047727,26.5184204,240.205,26.5185,3.0,0.0869122,4.425025982779661,5.551817354619534,True,241,4.828556226147798,3.614960432084847,1.674572461139487,11.446579363908146,2.251504379103816,0.9692436354913364,11.446579363908146,2.251504379103816,0.9692436354913364
A2142-3012,19.3695,20.2327,7.510090351104736,3.1524229049682617,240.1248642,26.3187293,240.125,26.3188,3.0,0.0849763,4.9668780705039834,11.097520372944977,False,246,3.34753534356234,2.7789850603742607,2.2584530599822727,11.59061438714194,2.472197253705706,0.7337373236113933,11.59061438714194,2.472197253705706,0.7337373236113933
A2142-9038,19.7825,20.0609,3.967118501663208,2.645263195037842,240.1529728,26.4628827,240.153,26.4629,3.0,0.0929655,4.8643691738649535,11.982645009826205,False,250,0.1235983428741835,0.1059882171887967,0.3210304463751043,12.128394379234646,0.8580644798614898,0.3244537204687407,12.128394379234646,0.8580644798614898,0.3244537204687407
A2142-10005,19.9836,20.8077,1.6597840785980225,0.5977442264556885,240.1689291,26.917238,240.169,26.9172,3.0,0.0892581,2.843072851132211,2.007966755892289,True,,,,,,,,,,
A2142-10010,18.9072,19.7862,6.372417449951172,2.47874116897583,240.2799298,26.9661622,240.28,26.9662,3.0,0.0899971,2.869434127543242,3.9974518305177433,True,257,5.453430176677412,1.4521617417142163,0.4008461252149686,9.34524266271494,1.2909108815548596,0.3618747588136362,9.34524266271494,1.2909108815548596,0.3618747588136362
A2142-9996,18.0663,19.0324,12.988445281982422,5.708209991455078,240.1646015,26.9895979,240.165,26.9896,2.0,0.0907573,2.580627347366494,5.877828382663283,True,274,0.9568059929502032,0.8280052345748308,0.7447605300478983,8.894404313905808,0.9985135018545216,0.841591608421302,8.894404313905808,0.9985135018545216,0.841591608421302
A2142-4316,18.4774,19.3991,9.484403610229492,3.620331525802612,240.0792715,26.7942788,240.079,26.7943,3.0,0.0894629,3.1887749967218895,2.117128304128791,True,275,0.2053344925270348,0.1762254670349801,0.7561506913746516,10.630691306112867,1.215108842046137,1.4986728516161565,10.630691306112867,1.215108842046137,1.4986728516161565
A2142-4320,18.8888,19.7796,5.301334381103516,2.11673641204834,240.1110305,26.8256243,240.111,26.8257,3.0,0.0917494,3.1968911358582996,8.565918960382145,False,276,2.0416939817434656,1.6043651676247457,1.000137813552394,12.219038250541674,1.1759271811747762,0.2473268124485041,12.219038250541674,1.1759271811747762,0.2473268124485041
A2142-4583,19.0083,19.7762,8.648746490478516,3.6526808738708496,240.2316785,26.6169809,240.232,26.617,3.0,0.0878083,4.121319827207998,3.1080227410237686,True,287,0.3144872644873073,0.2778761650150558,0.8600868823054748,4.112420593757964,0.806673610034907,2.034014613891788,4.112420593757964,0.806673610034907,2.034014613891788
A2142-345,17.8323,18.8906,16.328292846679688,6.2003173828125,239.4449475,25.6608597,239.445,25.6608,3.0,0.0891342,6.625820037637264,3.8203967866418775,True,296,0.8073942226050412,0.6414855572599973,1.066450931294362,4.665230893405552,0.8886769507421421,1.48841590697306,4.665230893405552,0.8886769507421421,1.48841590697306
A2142-569,19.1289,19.8036,7.483314514160156,3.2374117374420166,239.7242179,25.5679283,239.724,25.5679,3.0,0.0908307,7.668115466867919,6.444425059601231,True,305,5.729449211360297,2.5639554145622423,1.349763871917628,12.279282461078449,0.7380614957377851,0.2157946726605892,12.279282461078449,0.7380614957377851,0.2157946726605892
A2142-1569,19.6875,20.3727,4.064074993133545,1.7564029693603516,239.9777473,25.8245663,239.978,25.8246,3.0,0.0916255,7.142739381772891,8.184812555877606,False,309,2.098459305984841,1.5985670363346998,1.4837757428839409,11.697634288493242,1.5803512242014754,0.718421545103384,11.697634288493242,1.5803512242014754,0.718421545103384
A2142-7632,17.9554,18.7255,13.446866035461426,6.383941650390625,240.0208079,26.0293749,240.021,26.0294,3.0,0.0907882,6.3081528240786,5.725965861805183,True,337,2.697657653676414,1.7489012229986989,1.5217032139114135,12.303902801207496,0.6636047925290463,0.1943829315119778,12.303902801207496,0.6636047925290463,0.1943829315119778
A2142-7720,18.1499,19.194,15.107673645019531,5.5502142906188965,240.0499594,26.0239043,240.05,26.0239,3.0,0.0904371,6.3616774336165705,4.708704598031766,True,344,4.2042534958501845,3.281914836724924,2.8188108922600525,11.427008476846408,1.546389625164073,0.7239283792378988,11.427008476846408,1.546389625164073,0.7239283792378988
A2142-7623,17.7057,18.6527,19.20200157165528,8.129541397094727,239.9248138,26.0143225,239.925,26.0143,3.0,0.0880992,6.009670753137319,2.422182308674273,True,354,0.6197535035024959,0.4986629050295041,1.3895268754107084,7.292018875153617,1.36020634104763,1.9484626663264324,7.292018875153617,1.36020634104763,1.9484626663264324
A2142-354,19.3209,20.08,5.1424431800842285,1.957147479057312,239.5466383,25.6937037,239.547,25.6937,3.0,0.0894688,6.707069546741451,3.765123625477131,True,363,0.5832691729215016,0.5207738749648907,2.1775042179353115,4.786467054074064,1.3412375599307589,2.6091549740724576,4.786467054074064,1.3412375599307589,2.6091549740724576
A2142-6360,20.1969,20.565,2.3475399017333984,1.4612051248550415,239.6900289,25.7990718,239.69,25.7991,3.0,0.0896379,6.5568281081814135,3.450491627096308,True,,,,,,,,,,
A2142-7825,18.7491,19.6555,7.477048397064209,2.746151924133301,240.2421773,25.819822,240.242,25.8199,3.0,0.0886416,7.421261433196535,0.7269226387070824,True,389,6.090996150159867,4.268624253719796,1.701506033790741,11.654943960113798,2.443713186449621,0.736353731342362,11.654943960113798,2.443713186449621,0.736353731342362
A2142-1674,19.1539,19.7465,5.247156143188477,2.4787302017211914,240.1636111,25.7712627,240.164,25.7712,3.0,0.0886133,7.471726869110576,1.0655373981255731,True,390,5.588933454621805,3.3056123547476632,1.1104038871791708,12.168305251452717,1.0552446356278438,0.2780065815529706,12.168305251452717,1.0552446356278438,0.2780065815529706
A2142-1678,19.4327,20.4335,5.42830753326416,1.730607986450195,240.2077462,25.7264999,240.208,25.7266,3.0,0.0890102,7.768920753594105,0.921009972468655,True,392,2.0019711364301367,1.65239815890558,1.4976988180927409,9.231369305452317,1.866470361000688,2.0098012706981283,9.231369305452317,1.866470361000688,2.0098012706981283
A2142-1670,20.0084,20.4987,2.808805227279663,1.5324628353118896,240.1384345,25.7728635,240.138,25.7728,2.0,0.0888002,7.434188602592115,0.9432158463587262,True,,,,,,,,,,
A2142-1768,18.6642,19.6618,9.635226249694824,3.4258241653442383,240.2955273,25.5737572,240.296,25.5738,3.0,0.0878342,8.444002914642216,3.0246617667840625,True,396,1.638049165800453,1.3655070388500246,0.9000127790466905,11.995465432964757,1.0878198332334517,0.4260325195363688,11.995465432964757,1.0878198332334517,0.4260325195363688
A2142-7820,19.7995,20.5053,3.2476110458374023,1.3658877611160278,240.1950323,25.8540617,240.195,25.8541,3.0,0.0882168,7.161463013079149,1.8688670629815929,True,397,3.1247593418424757,2.120100734645053,1.6547231052783786,12.200935032285823,0.7964863977701135,0.3082253606678904,12.200935032285823,0.7964863977701135,0.3082253606678904
A2142-1765,18.0623,19.0081,14.454615592956545,5.634418487548828,240.2871462,25.7567606,240.287,25.7568,3.0,0.0875952,7.670548218911223,3.6176650365049032,True,399,1.147128245075984,0.8303040489798255,2.54004780178452,5.737845670830115,1.2809644373046982,2.3169233658020065,5.737845670830115,1.2809644373046982,2.3169233658020065
A2142-1683,20.0407,20.9341,3.883439540863037,1.5973186492919922,240.1908957,25.6896195,240.191,25.6896,3.0,0.0900305,7.976979550292822,3.5526651166969407,True,,,,,,,,,,
A2142-920,19.8562,20.74,4.262420177459717,1.369295597076416,240.2444666,25.170952,240.244,25.171,3.0,0.0872964,9.913838442120404,4.865204790459965,True,403,4.857321011281825,4.213990117512661,2.8699763050257854,11.800415858024987,1.8304453227859876,0.6230153927631097,11.800415858024987,1.8304453227859876,0.6230153927631097
A2142-1866,19.6056,20.3569,5.038389682769775,2.000913381576538,240.3284743,25.5984293,240.329,25.5985,3.0,0.088263,8.44491900791904,1.7894162472278252,True,410,0.5828437979193719,0.4808282611810561,1.899832976273352,7.442057307173671,1.1663334741728102,1.8041205888771872,7.442057307173671,1.1663334741728102,1.8041205888771872
A2142-789,21.2721,21.6267,0.794825553894043,0.3897425234317779,240.0870479,25.3398021,240.087,25.3398,3.0,0.0899765,9.220399101508082,3.8179514808521233,True,,,,,,,,,,
A2142-6660,19.9002,20.5255,3.103116512298584,1.280958652496338,240.1537645,25.4957512,240.154,25.4958,3.0,0.0894019,8.647983220514684,2.1585380903210436,True,436,0.5877943103126233,0.4343118350657899,1.4489800839401656,4.687078781245071,0.9595569869086712,2.619429498164373,4.687078781245071,0.9595569869086712,2.619429498164373
A2142-745,20.6894,21.1027,1.4576929807662964,0.8663490414619446,240.0598357,25.2757233,240.06,25.2757,3.0,0.0897371,9.40881623306978,3.3965580888876548,True,,,,,,,,,,
A2142-824,18.8646,19.7977,8.792844772338867,2.9905800819396973,240.2189509,25.3269276,240.219,25.3269,3.0,0.088449,9.362493192954153,1.9511685697469523,True,444,1.2247712589365165,0.8781019262026456,1.9353254178766093,6.394987062644267,1.5630057974336404,3.85780258518372,6.394987062644267,1.5630057974336404,3.85780258518372
A2142-909,17.9662,18.9749,15.344727516174316,5.435127258300781,240.2535732,25.1158955,240.254,25.1159,3.0,0.0829264,9.651785292482474,17.262461769715486,False,449,4.209523448550837,2.2460058128897726,2.00705760043103,8.791106228589822,1.2062620488301468,2.08650820721558,8.791106228589822,1.2062620488301468,2.08650820721558
A2142-909,17.9662,18.9749,15.344727516174316,5.435127258300781,240.2535732,25.1158955,240.254,25.1159,3.0,0.0829264,9.651785292482474,17.262461769715486,False,449,4.209523448550837,2.2460058128897726,2.00705760043103,8.791106228589822,1.2062620488301468,2.08650820721558,8.791106228589822,1.2062620488301468,2.08650820721558
A2142-1961,17.3399,18.4075,22.204736709594727,8.842248916625977,240.4735782,25.4765149,240.474,25.4765,2.0,0.0877874,9.15590833193166,3.1015623260624645,True,464,3.820316001866392,2.380636015143578,1.22834748752331,11.630101542209488,1.0616160138942767,0.5168047289769646,11.630101542209488,1.0616160138942767,0.5168047289769646
A2142-7038,19.822,20.0236,3.834048271179199,2.445744752883911,240.6804204,25.2360405,240.68,25.236,3.0,0.0858388,10.272990835931779,8.762809835395442,False,465,8.44301294998336,1.9414196258125305,0.654920110680278,12.244226283608649,1.57250009466018,0.306522267328404,12.244226283608649,1.57250009466018,0.306522267328404
A2142-6925,18.82,19.7038,7.43375301361084,2.4823198318481445,240.5884565,25.2989947,240.588,25.299,3.0,0.0878522,10.08796710313332,2.944018225129946,True,467,0.7251676906808107,0.5485325748285634,1.6863072534492196,5.028267862468314,1.2699565642751751,2.18738535756588,5.028267862468314,1.2699565642751751,2.18738535756588
A2142-1666,19.2539,19.9919,3.922163724899292,1.56482195854187,240.0767659,25.778105,240.077,25.7782,3.0,0.0907815,7.458603252048706,5.733089890421643,True,486,6.027544104874107,2.3921828351365404,0.9854232711911336,12.301464588275886,0.6846706722577824,0.2046212799068332,12.301464588275886,0.6846706722577824,0.2046212799068332
A2142-1669,18.7367,19.427,7.566657066345215,3.5257928371429443,240.1438762,25.8094516,240.144,25.8094,3.0,0.0914741,7.510594939258915,7.6578593773138,False,490,1.2724180240192098,0.9266909141974188,1.48977002765975,12.183113035318682,1.5889123559594085,0.2851464331102171,12.183113035318682,1.5889123559594085,0.2851464331102171
A2142-5654,18.2298,19.182,14.72959041595459,5.464112281799316,239.5545242,25.2269637,239.554,25.2269,3.0,0.0882149,8.513231025405341,4.575141278838778,True,492,0.2684397514691792,0.2317587962799248,0.5890482863225825,9.672121229108829,1.3326186819786638,1.8139354483053705,9.672121229108829,1.3326186819786638,1.8139354483053705
A2142-6584,19.9465,20.3312,2.8675084114074707,1.7363567352294922,240.1351124,25.617609,240.135,25.6176,3.0,0.0898434,8.153089911827541,3.1548373785985078,True,,,,,,,,,,
A2142-1566,18.1473,19.1616,14.262171745300291,5.55732011795044,239.9944041,25.9054394,239.994,25.9054,3.0,0.0901555,6.727561712815183,4.010830200654783,True,498,2.316690034039558,1.8358662329610864,1.2572731716243304,11.67818718255478,1.066029249482174,0.4752849282903213,11.67818718255478,1.066029249482174,0.4752849282903213
A2142-1,19.9489,20.4748,3.373627185821533,1.4857187271118164,239.512662,25.2294763,239.513,25.2294,3.0,0.0882957,8.43277253985825,4.6267281487843235,True,502,3.670083024279164,2.924550932110133,1.4610819385808624,12.268404346149907,0.7837600438682255,0.2256200698918569,12.268404346149907,0.7837600438682255,0.2256200698918569
A2142-5762,19.911,20.3212,2.815378904342652,1.3691067695617676,239.8047242,25.1734653,239.805,25.1735,3.0,0.0892969,9.30439251298866,3.635208298550994,True,,,,,,,,,,
A2142-5769,20.4376,20.7686,2.586743831634521,1.4504997730255127,239.7118951,25.1649825,239.712,25.1649,3.0,0.0903423,9.270006869654123,5.722433634417016,True,,,,,,,,,,
A2142-6507,18.925,19.7471,7.689272403717041,2.976804733276367,239.9150217,25.5804651,239.915,25.5804,3.0,0.0893233,7.848769861087772,2.5695224440081526,True,536,1.4721289335084116,1.1342229872811815,2.0384752858400788,7.692361695007779,1.5833572406800522,3.1669408175151474,7.692361695007779,1.5833572406800522,3.1669408175151474
A2142-6502,19.1987,20.0939,7.809158802032471,2.8069372177124023,239.8654606,25.680102,239.865,25.6802,3.0,0.089066,7.3278350579750775,2.234014441814377,True,537,2.2344969860254675,1.6702088192195177,1.7949043695736666,12.188380538063416,1.0431996976159876,0.2936669670687202,12.188380538063416,1.0431996976159876,0.2936669670687202
A2142-6589,19.7429,20.4208,4.106797218322754,1.6777760982513428,240.0556319,25.6398341,240.056,25.6398,3.0,0.0904769,7.96754791135577,4.960991596282359,True,570,3.2019268108178025,2.482192134234328,1.983027990354489,11.898523185273032,1.188504373098425,0.5008047230030002,11.898523185273032,1.188504373098425,0.5008047230030002
A2142-2269,18.9781,19.8851,8.372122764587402,3.1153011322021484,240.8172555,25.2851825,240.817,25.2852,3.0,0.0878312,10.557137607651253,3.0652122371549413,True,585,0.9002957003966294,0.6911447855731598,1.0244276475786047,4.764415118044013,0.9673278423380468,1.709788256368694,4.764415118044013,0.9673278423380468,1.709788256368694
A2142-7826,18.239,19.241,13.528054237365724,4.922892093658447,240.2746948,25.8491017,240.275,25.8491,3.0,0.0898137,7.457441170983568,2.8345271305167077,True,588,2.412250628107783,1.6594986688733862,1.2376911361917724,10.974503398532908,1.3028481390953743,1.149101561991248,10.974503398532908,1.3028481390953743,1.149101561991248
A2142-1871,18.8911,19.7802,7.835700035095215,2.688659429550171,240.4514414,25.6501542,240.451,25.6502,3.0,0.0900707,8.630355107573406,3.5268000660964103,True,595,0.8824541431987214,0.6715601262636943,1.8975993612720448,10.97369034162524,1.1005800121809308,1.1058164539014117,10.97369034162524,1.1005800121809308,1.1058164539014117
A2142-7924,18.3121,19.2724,12.984380722045898,5.145316123962402,240.4305927,25.7786833,240.431,25.7787,3.0,0.0875239,7.836550687866175,3.8068476980423873,True,601,5.737734364566335,3.4498572196686146,1.016656344079613,12.14086890775339,0.8092494296266519,0.3461806614029807,12.14086890775339,0.8092494296266519,0.3461806614029807
A2142-2078,19.5212,20.3937,4.983202934265137,1.6951357126235962,240.7434533,25.4857955,240.743,25.4858,2.0,0.0890844,9.747917115108619,0.9504601058480046,True,602,0.3819227835747703,0.3220018648139446,1.4029006418285896,8.971227173617336,0.7409670213911088,1.1774102307283805,8.971227173617336,0.7409670213911088,1.1774102307283805
A2142-6917,17.8422,18.7774,15.171279907226562,6.332125186920166,240.589687,25.322226,240.59,25.3223,3.0,0.0848711,9.663430890056555,11.540160104616215,False,604,0.5784430742547544,0.496846888173601,1.4662764371854111,7.297912456325976,1.806656372459778,3.333111235537457,7.297912456325976,1.806656372459778,3.333111235537457
A2142-2295,20.0544,20.9414,3.2370946407318115,1.0090534687042236,240.8457518,25.2543842,240.846,25.2544,3.0,0.0884451,10.806771639392107,1.3892812785821795,True,,,,,,,,,,
A2142-1966,17.5717,18.7033,17.535964965820312,5.838323593139648,240.5025451,25.456714,240.503,25.4567,2.0,0.0869069,9.197026045576525,5.637792836082018,True,615,0.4063190347436261,0.3303839343729813,1.3761453901280072,3.583225604004619,2.362751745625758,3.1557299878440284,3.583225604004619,2.362751745625758,3.1557299878440284
A2142-1956,19.848,20.7219,4.072240352630615,1.2195217609405518,240.5411746,25.4008095,240.541,25.4009,3.0,0.0907181,9.897849041311177,5.355588332018403,True,616,1.8481729358943169,1.494304158464665,1.9577801698806103,9.456038630229529,1.55487559693972,2.190717414494676,9.456038630229529,1.55487559693972,2.190717414494676
A2142-2220,19.2304,20.0938,7.079614639282227,2.289761543273926,240.7105087,25.3010936,240.711,25.3011,3.0,0.0875437,10.266036481022848,3.837602544559448,True,619,1.3426176024302725,1.1192438158567384,1.3515601348849409,11.932272008634149,1.22287413741717,0.4671076286415747,11.932272008634149,1.22287413741717,0.4671076286415747
A2142-8111,19.461,20.394,4.265296936035156,1.3171181678771973,240.7147621,25.583096,240.715,25.5831,3.0,0.0886222,9.24957008576378,1.0430670772404107,True,621,1.023881808356223,0.8068270804114004,2.322088827819039,8.397367093667878,2.2930193667880445,3.2813968944226275,8.397367093667878,2.2930193667880445,3.2813968944226275
A2142-2280,19.8288,20.6307,2.2740702629089355,0.5592659711837769,240.8663012,25.2631215,240.866,25.2632,3.0,0.0885018,10.81556259881047,1.2927731687127755,True,,,,,,,,,,
A2142-8369,19.1491,19.4843,3.973153829574585,2.582214832305908,240.9723508,25.56218,240.972,25.5622,3.0,0.0929297,10.271903748996117,11.845709802100007,False,629,0.2848380384588154,0.2481914896245083,1.323666713831308,12.397444215039092,0.3798850835349334,0.0956716443613743,12.397444215039092,0.3798850835349334,0.0956716443613743
A2142-8522,20.3835,21.0668,2.689237356185913,1.1138079166412354,241.0579593,25.472393,241.058,25.4724,3.0,0.0887289,10.338950458977369,1.8797479240216706,True,,,,,,,,,,
A2142-1973,18.0398,19.032,12.017318725585938,4.092541217803955,240.5939515,25.5492662,240.594,25.5493,3.0,0.0897993,9.285547592809758,2.7354142992057655,True,652,0.6382177734942127,0.4065744872140664,1.6635394516320936,7.5392724265546756,1.490595231044794,3.5278967350785804,7.5392724265546756,1.490595231044794,3.5278967350785804
A2142-8245,18.9872,19.9307,6.912419319152832,2.6086974143981934,240.7978686,25.5050865,240.798,25.5051,3.0,0.0881822,9.671872358993468,2.176691325842835,True,659,5.968857375171778,2.742186630900409,0.8986821812166594,7.476637264420611,1.2532310438505636,1.8724254616872635,7.476637264420611,1.2532310438505636,1.8724254616872635
A2142-2244,18.6864,19.675,10.495112419128418,3.5437381267547607,240.8529564,25.4233059,240.853,25.4233,3.0,0.087675,10.046546755432534,3.578802446480122,True,665,1.6217882185667067,1.2503464401573745,2.451197982144468,10.662752742442176,1.222767242357829,1.372583647018768,10.662752742442176,1.222767242357829,1.372583647018768
A2142-2276,18.31,19.2752,10.432872772216797,3.794373035430908,240.8914922,25.3801867,240.891,25.3801,3.0,0.0888561,10.426014243851782,1.0350994732571375,True,666,3.656058629201136,2.60920232512388,1.9331643708508224,11.7732219162683,1.0960116945067462,0.5290385323130309,11.7732219162683,1.0960116945067462,0.5290385323130309
A2142-8507,19.0704,19.8701,7.766239166259766,2.961472988128662,241.0044636,25.3918232,241.005,25.3918,2.0,0.0870219,10.370702426397425,5.540782464064925,True,668,1.834497588322197,1.4172503526036664,1.2475510690870255,6.119933394358144,1.2799307145804848,3.3860356074307933,6.119933394358144,1.2799307145804848,3.3860356074307933
A2142-8118,19.976,20.8998,3.3251640796661377,1.2532368898391724,240.7226411,25.6280591,240.723,25.628,2.0,0.0900257,9.22188940597192,3.4999816226154628,True,672,3.055601760255602,2.083891355017178,0.9390187786823598,12.24098260369083,0.7583774388507045,0.2436863493251593,12.24098260369083,0.7583774388507045,0.2436863493251593
A2142-3239,17.4251,18.5218,23.92865753173828,9.531927108764648,240.3485638,26.1161491,240.349,26.1161,3.0,0.0888365,6.424959303826381,0.5366821349031021,True,673,3.327561283354972,2.7293767356142613,2.075795513107681,6.288727423639109,2.040871074704775,3.2326435816430674,6.288727423639109,2.040871074704775,3.2326435816430674
A2142-9357,19.6065,20.179,5.292304039001465,2.3133795261383057,240.5222347,26.2956632,240.522,26.2957,3.0,0.0888597,6.012306128889687,1.5420200907623651,True,674,5.608559164791397,4.363966443241211,2.545756060487496,12.058295673745008,1.4273677457672669,0.4603022125363587,12.058295673745008,1.4273677457672669,0.4603022125363587
A2142-3225,19.9639,20.672,3.326078414916992,1.3170857429504397,240.3933119,26.1270347,240.393,26.1271,3.0,0.0865604,6.300166359778416,6.5849968387022555,True,676,3.759292032458796,3.220681808978319,3.0146667198189663,12.22186085226017,1.3828593153953577,0.3351454654314612,12.22186085226017,1.3828593153953577,0.3351454654314612
A2142-9392,19.9305,20.4717,3.316364288330078,1.5868868827819824,240.6013429,26.2942762,240.601,26.2943,3.0,0.0887141,6.152585133297175,1.8517601019519931,True,678,7.989895308793723,2.3535512105189005,3.0557543515314345,12.16122321551267,1.7252001487443902,0.3606344784190565,12.16122321551267,1.7252001487443902,0.3606344784190565
A2142-4800,19.9682,20.6597,1.221437692642212,0.2235731780529022,240.7205783,26.3711984,240.721,26.3712,2.0,0.0879074,6.0019594621826595,3.5766375954705665,True,,,,,,,,,,
A2142-5319,19.4562,20.1367,4.717001914978027,2.1419572830200195,240.9369445,26.7424978,240.937,26.7425,3.0,0.0857479,4.7710027346268795,9.679534522340417,False,686,5.773450702085487,2.2114000456271725,1.5384457482137108,12.052480065856738,1.2818254398807127,0.467905002693449,12.052480065856738,1.2818254398807127,0.467905002693449
A2142-4693,19.1807,20.0654,7.921209335327148,3.0517396926879883,240.5051338,26.6037494,240.505,26.6038,3.0,0.0896447,4.764407708305902,3.194183405994483,True,688,1.0061469705005237,0.8419410407034249,1.763135380951354,10.434917300281402,0.8939267394147752,1.2897713617398523,10.434917300281402,0.8939267394147752,1.2897713617398523
A2142-7819,18.1977,19.1556,11.887306213378906,4.568811416625977,240.239976,25.9332487,240.24,25.9332,3.0,0.0889188,6.977270673441011,0.3439467430887124,True,691,0.507439024064622,0.4128607877317627,1.5461044011360237,6.922585537408126,1.289935285753467,3.3233558285848472,6.922585537408126,1.289935285753467,3.3233558285848472
A2142-5328,20.0358,20.5617,2.685266733169556,1.2075309753417969,240.926812,26.751644,240.927,26.7516,3.0,0.0854801,4.702729779706396,10.382895648124624,False,,,,,,,,,,
A2142-10451,19.2032,19.6596,5.259085655212402,2.971274375915528,240.7184863,26.6326878,240.718,26.6327,3.0,0.0910177,5.112567812504712,7.013191571105096,False,700,0.4991616037614776,0.3904691979927039,1.3709387759194054,6.4361246843501565,0.9317334972449453,3.8327857016326536,6.4361246843501565,0.9317334972449453,3.8327857016326536
A2142-9269,19.1917,19.58,6.499314308166504,3.8757264614105225,240.3450415,26.2776321,240.345,26.2776,3.0,0.0891909,5.782532995487031,1.3654644065321688,True,701,7.491058908971478,0.8842591137778495,0.8149486017123273,8.951401004772691,0.8297642546778583,2.786274666617885,8.951401004772691,0.8297642546778583,2.786274666617885
A2142-3231,18.2794,19.1894,9.962591171264648,3.469932794570923,240.2882128,26.1100525,240.288,26.11,3.0,0.0861097,6.1480041445752205,7.85108576084434,False,704,1.662883918459971,1.200309907252616,2.153878213860639,6.0909736997112365,1.0794109180295264,2.7847296139426767,6.0909736997112365,1.0794109180295264,2.7847296139426767
A2142-4029,19.7621,20.4667,4.129467010498047,1.968113899230957,240.5737268,26.5357708,240.574,26.5358,3.0,0.0894004,5.15666216359122,2.787795592230703,True,705,9.604751675364705,1.465468572799507,0.7477965402190581,12.32603292410849,0.9944942515374072,0.2023924633498079,12.32603292410849,0.9944942515374072,0.2023924633498079
A2142-3140,19.2934,20.2765,7.380374431610107,2.372929096221924,240.3553092,26.2177075,240.355,26.2178,2.0,0.0892394,6.049985758024768,1.4246816645925509,True,709,0.7791420685991746,0.6834098786577023,1.747742046941065,9.243496280695163,1.3284100369162033,2.36089144700104,9.243496280695163,1.3284100369162033,2.36089144700104
A2142-10354,19.5616,20.1662,6.227658748626709,2.9027881622314453,240.6399942,26.7094743,240.64,26.7095,3.0,0.0899149,4.5901824974580965,4.254113049878377,True,710,8.56450898841485,2.0386518678402794,1.18434385716823,12.32446157415428,0.5664971319324525,0.1900020412266059,12.32446157415428,0.5664971319324525,0.1900020412266059
A2142-3235,19.4844,20.332,6.0159687995910645,2.068521499633789,240.3704817,26.1798219,240.37,26.1798,3.0,0.0890837,6.222455382727816,1.0553877047297102,True,712,2.6470484084106243,1.9336511999728163,2.8155349861337573,7.698193761410075,1.6326283411518243,3.692516971350588,7.698193761410075,1.6326283411518243,3.692516971350588
A2142-10478,19.9654,20.708,4.264064311981201,1.5834368467330933,240.7668131,26.6822657,240.767,26.6823,3.0,0.0920675,5.051483345487005,9.934138470497402,False,715,0.2189850113364233,0.1942459097131768,0.5616964301594809,9.516732363650643,0.9948255086571204,1.9276627192100653,9.516732363650643,0.9948255086571204,1.9276627192100653
A2142-9155,19.9037,20.3702,3.36868667602539,1.8275833129882808,240.1649737,26.4152613,240.165,26.4153,3.0,0.0901739,4.94042924602567,3.9482767058113946,True,722,3.258214282419192,2.2919180367437475,1.8960189177036435,4.734981878153969,0.9113301408788912,3.734546280881779,4.734981878153969,0.9113301408788912,3.734546280881779
A2142-9158,18.6918,19.1061,8.488178253173828,5.076501846313477,240.2119386,26.4185755,240.212,26.4185,3.0,0.0899513,5.00206314370334,3.3411370067876893,True,738,5.023054382843662,3.792092814312327,2.1937220627952767,12.265952129844942,0.9577148298054664,0.2391115386955977,12.265952129844942,0.9577148298054664,0.2391115386955977
A2142-5268,18.4699,19.4222,13.393439292907717,5.377120971679688,240.7875548,26.8036867,240.788,26.8037,2.0,0.0922163,4.583917741561477,10.45739611301107,False,744,8.833113049627828,4.646485984722235,0.9223223463943278,11.395996351054448,1.174261417887999,0.6839898675752565,11.395996351054448,1.174261417887999,0.6839898675752565
A2142-9265,19.3612,20.2111,6.938058376312256,2.372511863708496,240.3203804,26.3019613,240.32,26.302,3.0,0.0912964,5.768020196319084,7.1879061714287005,False,745,4.588556697345982,1.898249120840377,0.5747954615219637,5.561768097100408,1.106711150682222,0.4570796523649694,5.561768097100408,1.106711150682222,0.4570796523649694
A2142-3135,19.5118,20.4398,7.5757341384887695,2.929267406463623,240.3175405,26.1984257,240.317,26.1984,3.0,0.0903379,6.13250748016601,4.407685389283055,True,755,1.0625008156311757,0.7665754706918899,1.2472958994396586,4.012020708259058,1.0249167583505217,2.5272567598743283,4.012020708259058,1.0249167583505217,2.5272567598743283
A2142-10091,20.5707,20.3291,2.118360757827759,1.9336334466934204,240.3445309,26.8920637,240.345,26.8921,3.0,0.0913279,3.3425899232181853,7.579874101765921,False,,,,,,,,,,
A2142-3118,18.6542,19.5733,12.20179843902588,5.089849472045898,240.2492472,26.1679087,240.249,26.1679,3.0,0.0882171,5.990269171480828,1.7738472320487226,True,759,0.9074796281788976,0.7425621801219878,1.5547127625325392,9.993004232581592,1.3660357270325552,1.8561696331984603,9.993004232581592,1.3660357270325552,1.8561696331984603
A2142-3030,19.7307,20.6649,4.637057304382324,1.6393828392028809,240.1824857,26.2575857,240.183,26.2576,3.0,0.0911516,5.684944319105173,6.7282803024163895,True,762,3.693295576631739,1.7443631317654713,1.2123662961429034,9.97290142650374,0.8303078177805361,1.4392016781408137,9.97290142650374,0.8303078177805361,1.4392016781408137
A2142-4689,18.2458,19.194,14.472569465637209,5.869466781616211,240.430855,26.5084053,240.431,26.5084,3.0,0.0907849,5.082750605642932,5.915534068703177,True,763,0.4861481726470451,0.4165178372626101,1.2288850251401646,6.386901568580225,1.3562418768156022,2.4444902570906564,6.386901568580225,1.3562418768156022,2.4444902570906564
A2142-9166,19.3544,20.1016,7.8676605224609375,3.495483636856079,240.2341597,26.3108863,240.234,26.3109,3.0,0.0923103,5.6287731559311585,10.08081015731948,False,764,6.0897702749968925,5.082824655304494,2.031033335144013,11.905214971320778,1.232259221410228,0.5311274643717958,11.905214971320778,1.232259221410228,0.5311274643717958
A2142-4593,18.9578,19.7011,8.824201583862305,3.767334222793579,240.3117982,26.6917387,240.312,26.6918,3.0,0.0875917,3.9552690659173844,3.852871781153942,True,768,7.399547264638947,4.629258329050739,2.2759210182592597,12.244126908255147,0.7192738737628215,0.2968430137063134,12.244126908255147,0.7192738737628215,0.2968430137063134
A2142-3767,17.2801,18.3458,25.752769470214844,10.330763816833496,241.0323379,25.7401362,241.032,25.7401,2.0,0.0885233,9.178365952186462,2.4730304745112996,True,796,2.385221572125258,1.0054781049480477,3.25291590200311,8.048283442701035,1.6641491308766208,2.236902134327874,8.048283442701035,1.6641491308766208,2.236902134327874
A2142-8130,19.8625,20.6808,3.943335056304932,1.4126286506652832,240.7333523,25.6894085,240.733,25.6894,2.0,0.0905023,9.034670678715283,4.881859264782986,True,808,1.0144712770236424,0.8024578632188166,1.932132104056474,8.05572373310553,1.5005768957501069,2.933457016572804,8.05572373310553,1.5005768957501069,2.933457016572804
A2142-7995,18.2471,19.2562,13.56687831878662,5.125531196594238,240.5191892,25.8151946,240.519,25.8152,3.0,0.0868515,7.790969391237753,5.771435223380306,True,814,1.3014723793136378,1.1360002344302167,0.6087000997215284,3.4761587951600608,0.7136515252885371,0.2070215446730925,3.4761587951600608,0.7136515252885371,0.2070215446730925
A2142-7922,17.9089,18.9456,15.217484474182127,5.626283645629883,240.459602,25.8888805,240.46,25.8889,3.0,0.0879221,7.47937243246998,2.685472347977603,True,817,8.136073283159595,2.9067674710719587,1.0307709964419232,11.61917212750804,1.6857140285509562,0.5651816490712918,11.61917212750804,1.6857140285509562,0.5651816490712918
A2142-7918,19.6155,20.5113,4.858734607696533,1.5973533391952517,240.4306162,25.9195984,240.431,25.9196,3.0,0.0873608,7.2569183241216475,4.280171307672437,True,818,0.5534036165827345,0.4557974117398267,1.304267246234463,10.9063911152598,1.1908020898226876,1.260382194562304,10.9063911152598,1.1908020898226876,1.260382194562304
A2142-3251,18.3899,19.3584,13.640056610107422,5.352766036987305,240.3838637,26.0595369,240.384,26.0596,3.0,0.0887601,6.714944011488434,0.5851726737086365,True,836,0.1982356205607676,0.1678725733856101,0.6187221251763422,9.88836067678765,1.2097173071608172,1.516721740511965,9.88836067678765,1.2097173071608172,1.516721740511965
A2142-8093,19.1852,19.6105,6.840087890625,3.787875890731812,240.6643207,25.7692651,240.664,25.7693,3.0,0.0893627,8.468059374521632,1.787119146823844,True,849,1.8905811972364963,1.4793177619390878,1.8228996887392237,12.19931888110216,1.7475002443889365,0.3061994923656996,12.19931888110216,1.7475002443889365,0.3061994923656996
A2142-3262,19.8275,20.9789,5.496659278869629,1.020589828491211,240.3559608,26.0417835,240.356,26.0418,3.0,0.0869913,6.604364828728359,5.324112135144884,True,850,1.3962586178967469,0.8365355398364747,1.8812482296797093,6.128613540845096,1.2991669458979889,3.010848320096376,6.128613540845096,1.2991669458979889,3.010848320096376
A2142-3330,18.8068,19.8336,11.25439167022705,3.896735668182373,240.456038,26.0417202,240.456,26.0417,3.0,0.0884489,6.896041637754467,1.3503004915843577,True,855,3.70980580798034,1.7497177159662556,2.5103981638356805,11.911900525875836,1.0011541110918216,0.4541413038795863,11.911900525875836,1.0011541110918216,0.4541413038795863
A2142-7997,18.7822,19.8828,11.269954681396484,3.485124349594116,240.509781,25.7796349,240.51,25.7796,3.0,0.0902405,8.21887124807124,4.054124077605744,True,857,7.147963090222276,4.748373982344154,1.521558049158057,11.348794019999271,2.283252564396049,0.7433209053942829,11.348794019999271,2.283252564396049,0.7433209053942829
A2142-7999,18.7037,19.7218,9.664118766784668,3.58755111694336,240.5191479,25.7908567,240.519,25.7908,3.0,0.0905226,8.214947779761884,4.870027079831404,True,858,8.74881383131802,3.649536942645273,1.1161629647278095,11.847720638824446,1.3238928982210982,0.4840963518125658,11.847720638824446,1.3238928982210982,0.4840963518125658
A2142-8098,19.9416,20.279,3.8134958744049072,2.295497417449951,240.7024941,25.7725841,240.703,25.7726,2.0,0.0894204,8.530130371315655,2.0063716833934615,True,861,1.3542653651628456,1.0705043611740717,1.5077917762735478,12.101949360641935,0.5657871134937213,0.3879603877583779,12.101949360641935,0.5657871134937213,0.3879603877583779
A2142-9368,18.9024,19.7455,10.30788230895996,4.308223724365234,240.527763,26.1644982,240.528,26.1645,2.0,0.0884933,6.531275665007495,1.6113522705034302,True,867,0.6736437109490283,0.5249068094966866,0.6399340570909504,1.6220341026444305,0.7006419009397359,1.363609785018824,1.6220341026444305,0.7006419009397359,1.363609785018824
A2142-9475,19.8447,20.8168,3.6813151836395264,0.8205985426902771,240.6487682,26.1782757,240.649,26.1783,2.0,0.0877675,6.641681376622223,3.531897576374431,True,874,0.4025839277356531,0.3595355595771869,0.9577734856338748,3.519276656907405,0.6332284494493416,3.127446458978368,3.519276656907405,0.6332284494493416,3.127446458978368
A2142-5031,19.3113,19.8775,6.493509769439697,3.193702459335327,241.0560274,26.123946,241.056,26.1239,3.0,0.0834146,7.223619650908714,15.965293887817376,False,902,1.0405275765931543,0.8412266640986577,1.4373462369383585,8.166096062822296,1.2487979431265694,2.279349965912507,8.166096062822296,1.2487979431265694,2.279349965912507
A2142-5031,19.3113,19.8775,6.493509769439697,3.193702459335327,241.0560274,26.123946,241.056,26.1239,3.0,0.0834146,7.223619650908714,15.965293887817376,False,902,1.0405275765931543,0.8412266640986577,1.4373462369383585,8.166096062822296,1.2487979431265694,2.279349965912507,8.166096062822296,1.2487979431265694,2.279349965912507
A2142-3338,19.143,19.9484,6.011998176574707,2.156710863113404,240.6041832,26.0655848,240.604,26.0656,3.0,0.0885355,7.075984982048566,1.6151878032941231,True,915,1.4913742617608774,1.1396932099382877,1.2889274988126536,12.219475343435336,0.5991519161424179,0.2497616557564494,12.219475343435336,0.5991519161424179,0.2497616557564494
A2142-4938,18.977,19.6833,8.944600105285645,3.729112148284912,240.9690953,26.2907017,240.969,26.2907,3.0,0.0887089,6.835100612961267,3.1822279633875756,True,935,1.1856666671928835,0.9239876066462908,2.5110090945984487,10.831947371250298,2.224268077611578,1.4191019483568468,10.831947371250298,2.224268077611578,1.4191019483568468
A2142-4116,19.9567,20.7193,3.7922887802124015,1.3226759433746338,240.5757929,26.4076311,240.576,26.4077,3.0,0.0905582,5.758981770715727,5.388613481314987,True,941,0.2403942889216352,0.2007156438788957,0.4959452733289007,3.695395220121058,0.9092493579551943,1.6002106413418562,3.695395220121058,0.9092493579551943,1.6002106413418562
A2142-3258,18.8503,19.7961,8.54198932647705,2.7405920028686523,240.4613826,26.090692,240.461,26.0906,3.0,0.0895185,6.786425046948159,2.1810321875955183,True,954,2.807861514988355,2.277880252477413,1.6156557395911235,11.790040044276385,0.9773808446849106,0.5672217174637506,11.790040044276385,0.9773808446849106,0.5672217174637506
