nspec,t90,t90_err_lo,t90_err_hi,t99,t99_err_lo,t99_err_hi
5,4.236379530443663,1.1768186624206622,1.1324678495897524,6.501546999224899,1.1398909807624245,2.8334971329766754
6,11.294612144792254,2.0015933316718293,0.6287372063198902,11.747163909251006,1.3522265575041281,0.536400113160008
8,9.021983414732373,1.300219309530962,2.524908424406169,12.14648331494857,1.375602790761917,0.38488781538700145
11,6.051583158096556,1.02090059653323,3.1705957588957405,11.948348726676542,1.1523616685557734,0.5399566975682824
16,11.122659816565937,0.5985327699039455,0.742837474323558,12.403793152971446,0.6298501416516018,0.14358465410235333
17,9.570510814910357,1.9979448044678643,1.192575673682029,11.227316380479575,1.265619231419306,0.6949273318865501
24,9.477883501701719,1.9242112329450567,1.7018543045269006,12.191899383038962,1.163336328332937,0.2836931632544122
26,3.8387633485659873,0.6446412893844387,1.5161670286849183,10.709323857023518,3.2354004033889554,0.9894287756868199
27,9.60428814359324,1.7979396518580009,1.4275745195297027,10.60326127606185,1.3469559080134523,1.330068747589742
28,3.235320811482487,0.44322580334617,1.6923752287253695,4.316902042725618,1.2590342828263257,2.981719187174482
29,2.877771980284403,0.45960450325057955,1.4533635937845197,3.358985743503273,0.7452708086084754,2.064051365793966
30,8.682730691567498,1.3660468894871727,1.310902367444072,10.955874926505764,0.9073968171331916,1.1345893986636568
35,7.439996180343331,1.1999548291465771,2.498505888249558,12.143500927799561,1.5675324116442884,0.376019922493688
37,7.848006561855734,0.7439498986157984,1.289187338700713,12.138460571562963,0.7388006974049137,0.3437594897869136
41,7.885838571822321,0.5638852342320257,1.4609933737812142,12.145567899631107,1.0406546117905364,0.34260918424947917
47,4.8395671527820685,1.1970494388408954,1.8453652101301454,12.224692559524522,1.1224437948314865,0.26861876774087
48,3.718537026600607,1.1687294029594915,3.6213929200653907,11.773311748801376,1.765030299349755,0.6062188053445006
49,9.661165125907647,0.9132548619424483,1.4600502225794738,11.932589852455328,1.3057605099249514,0.4458836777360293
51,8.65176564522999,1.330422316756101,2.126719611423436,11.989747796189622,1.3908037518190888,0.5110762624673271
54,9.619825692693858,2.589757291065598,0.923368319669839,12.298928010573366,0.5169960756986018,0.13972570829490039
55,6.1911232416012965,0.4546950935711962,1.0461339253296016,7.144039678439861,0.6053486464638445,2.4554564947085575
58,9.484387570972302,1.6994435872113165,1.6386494108651135,12.170932403969463,0.8651373388696939,0.3170210884729485
59,7.5277268510621616,1.403617272116806,2.1864066469548833,9.730043828156333,2.401786476976442,2.5239788991872842
64,10.148600317507116,1.3612850977382074,0.7814444923093689,11.918175111190287,1.8749172524418167,0.520198336675934
65,6.411194466620429,1.129265297760317,2.3062833059455743,8.175317306636275,1.6743422403142185,3.3949709577644853
71,4.049324326425039,1.25444430147535,2.295423522343069,7.405628535558379,1.5413824110738936,3.040036146875056
75,8.341697451921847,1.2386507493801107,1.6870560610669294,12.139631189608066,1.1277330591094241,0.32168126517309936
77,6.996665902543917,1.1253427195101944,2.272530583640677,7.524200763509396,1.2500406499401935,3.0385790281600054
80,7.023345569142851,1.1808113688756041,2.246059483545011,11.944564230165398,1.2372463158544775,0.48524950524680044
81,5.281574791458438,1.185904378153393,3.248029376255377,11.650901305153353,2.494438703107699,0.7941216285953558
85,5.111951106582187,0.9634050179440781,3.4712343384465525,12.238080572076939,1.2048588006422705,0.2616498007486481
91,11.450727834754378,1.5121027588408822,0.6057816330397188,12.141663095804741,1.1789561325776425,0.27836194460398644
92,10.023299279686313,1.6901474684427171,1.0845576150864673,11.571391108677005,1.5821540070969107,0.6220174385242689
93,6.344099963482071,1.2818279959081593,2.1630078743548804,12.188205505060347,1.2833319688590183,0.33744236149286877
94,7.123524610843345,1.6657470773756415,2.83568657127444,11.114281226897251,1.4417246605953373,1.011154006509118
95,4.61137286465125,1.3946539785379652,4.004090535119549,5.568399978837053,1.078418242696829,4.217250416029963
101,7.978659002378614,1.2251920733194543,2.178919944401655,10.534166445124212,1.7599785510659842,1.5069999988704552
107,9.82277360626194,1.9361278908178727,0.8797136518150914,11.290817473846353,1.3906456837479535,0.8799201924034961
109,9.673205148803278,2.966922667186461,1.404850688617966,11.4148617615584,1.3408319283120438,0.8775430040622787
131,4.76246637920209,1.1154380081407966,1.6936796637192728,12.225718347449119,2.614845373526327,0.25618806596103383
133,4.780343432104569,1.0664332167867712,1.4691649592066014,11.499447708996193,2.652187754169878,0.954433389254838
135,10.94155656386186,1.1591893223650036,0.6771744303772795,12.286633029581997,0.5589640750358793,0.23216193224622295
143,4.534251991947132,1.0751527013581805,2.751468789333626,11.573451614059026,1.5831924627594933,0.6136174376818495
146,5.2128113715381055,0.9822430504570896,2.02852374542805,12.02046304861561,1.826691121923929,0.48887434715641476
147,5.48840971352819,1.2730570439440774,1.7980181620613518,11.6968005812177,1.5119629133369,0.6337518033230598
174,4.495268035786711,1.1532411315231297,0.9400512577793556,4.824011650620768,0.5133290735769096,1.68936416621173
193,7.858395595842443,0.9012463630212846,1.7526720595518048,12.057549113563198,1.4142516256607216,0.4326153946386775
195,6.822925429099218,1.8942646227844184,1.0858130553509193,7.881050740542687,0.8005484234301612,1.9347864365911622
196,7.47332041909517,1.8829904210813435,1.2708750086853904,8.397597252532208,1.3613297214012041,1.8250721602443676
197,4.448506869876172,0.7661392390243624,1.9666962752033577,8.298485819123373,2.9368178610969853,3.358933757839514
202,3.75511078658388,0.8773100588702549,1.376762910224934,5.2447969741681355,0.8389758236191298,1.78755874528286
206,7.770132354423582,0.8446505369508603,2.0507429881104553,8.908516381987491,1.2768082559980654,2.8829991535402772
211,2.4222967273943175,0.6589698257921839,1.2876673411540662,4.407750401233379,1.2159921643716807,1.48627601040031
213,5.789486765959165,1.2433359423900399,3.830793085573024,10.957965529256223,1.2357338092968035,1.215438292779945
214,1.9648818298968544,0.6768129940518592,1.3359157331061926,6.70399724305199,1.0261243116906265,3.006747273826253
216,4.434809505842344,1.3304538226896692,1.8112116402024183,11.400229267187706,0.8402903690543031,0.9526012934309023
217,3.452989288918565,0.6260661278140418,1.7665834082782936,3.9713321094057847,0.6611105523200616,2.4084967506946113
219,3.231221511984086,0.959748164015712,1.5830083654978049,4.199843380501602,1.0335023485486179,3.1533975444955082
222,10.034643124663088,1.7858868294002566,1.485828786661644,12.312046771136526,0.6607986873099332,0.19546357296695938
224,7.14922543457467,1.3409173565195092,2.054530813636039,12.049452258016288,1.415388864799537,0.411752009668227
229,4.758647555365845,1.2563941633217515,1.4168524225316963,5.934214950600509,1.113878816012873,2.2719246429671465
234,7.3125949799853105,1.0358567936218748,2.4473405607541627,11.699550811504038,1.0643348693934573,0.6072108334281197
235,5.023550338518782,0.8327847040095362,1.6272769680377506,6.21284570731879,1.125687951002746,3.5071155585731315
236,3.5525374695943155,0.9569549660737713,2.770007857908256,11.448390180152611,1.1144019334352606,0.8670291888027499
237,3.3589725889629665,0.8982637570327259,0.8896916439675633,5.641648950604612,1.3219893077503837,1.3217422718695353
238,5.768145976657243,1.1087803976998778,2.415142272950048,12.080377148177508,0.6308391481804616,0.2865695004421891
241,3.6089244269955225,0.6820354307323355,2.5694332976585956,5.115357897509853,1.6143466303500351,4.397681595923983
246,10.187625760267498,1.8573224524179217,1.2070628835425126,11.128412000629465,1.1476034922104326,1.1451809864008293
250,11.501575515979045,1.0602703119086918,0.5967895072665712,12.327117399306205,0.46052425561760124,0.15184819007245842
252,6.076973471459996,1.4326059399303102,2.348434591026824,6.788805701766066,1.4958088216590202,2.3637418592038326
257,8.457620162464575,0.6597716917429679,2.242815168428212,12.205902638781978,0.9580829499976407,0.2745628667250699
271,8.484439635829473,3.7621490759800125,2.193952645550757,10.31555767763586,3.027712273673025,1.6313436996204889
274,5.827831758320048,1.3105280018426075,2.7633647158856807,7.815024053242738,2.0775636714377956,3.1073296759581384
275,5.031594408292187,2.181622722815612,3.6799443532826492,11.235589416272564,1.7746888009034087,0.9519654611574904
276,5.322866507539619,1.6304735846581968,2.428347956799339,9.412392329079086,3.66772203822656,2.5905485501445114
287,9.424839914374251,2.444843302142351,1.4994494038588613,12.08569940044911,2.2500743965342593,0.39597438181690947
296,7.635252154154449,1.403038705234195,2.321374559107161,11.816526828046586,0.9434470926303717,0.5010746877678738
300,6.999263795449749,1.2520280634560867,1.214425852290792,10.541838652282571,0.8948443621052942,1.3023394830292823
305,4.6009043154641,1.196425452324661,1.9313416540588229,9.598670732216,2.475403604348215,1.7878297036977635
309,7.387548730860436,1.035252562721042,2.0031243728412633,12.066525017927246,1.0991545734766213,0.3885296439436008
333,7.7460591184939585,1.0004422124943888,2.6272949995604282,11.96974637079431,1.5574665064704991,0.397833591972212
337,1.362899170210494,0.4553382708534489,0.7345009168333745,12.457743404349245,0.20118528701444127,0.06805156470628937
344,10.430056166482299,1.0676104417373455,1.007941255984731,11.991774743802317,1.1667476215882875,0.4443107040763543
354,8.363113208239973,1.172346744406651,1.9478385418228221,9.92711382246597,0.9514165940368446,1.2612598161158903
363,7.761216899713494,1.0244085892202675,1.794285054174333,12.061891025475543,1.1522600779584913,0.39713288989444884
378,6.787219950957445,0.8773233809061152,0.4046886309939799,7.095520709333812,0.5533365365085832,0.5328825242375927
389,7.304783130625722,1.474379656759905,3.323172047442709,12.28596653057966,0.6801689048563251,0.21559998342207187
390,11.240109587903085,1.0221424523923837,0.8265838189644459,12.385049657927325,0.7310204578794366,0.1539814090261693
392,9.517179375988205,2.2658118675770638,1.5869079222864961,10.515408356170347,1.9518513381869855,1.502250864317677
394,9.284259775504351,1.3081103935375902,1.8169537055390244,12.209379044822219,1.0117716575470865,0.29106123729724764
396,2.5671093794617716,1.1571337113543374,1.9160989827142876,7.552107053472698,3.0489109386440063,1.2694039380136797
397,5.717236654886803,0.7532484636068313,1.0530610395651987,6.533792008295918,0.7584900524520686,1.2959296955401989
399,5.006953673591689,1.5509703267309138,3.0559730573911876,11.392115252225457,1.73166893685986,0.7439763790406548
401,7.459863198032331,1.9028455761831298,1.3553418836643045,10.822539777724145,2.101446655051804,1.2980113322637017
403,7.727600131344099,0.7920263763621076,1.2505201955176783,10.728113489730358,1.7860098017536288,1.4009547369063675
410,8.625931039556836,1.3602250629612147,1.0701084909078773,11.000975725653017,1.6778922413387853,1.1323795137935964
430,9.374513769165178,1.7690442606500092,1.4510681842877045,12.463458410641628,0.2613919738038639,0.07020989683712742
436,10.348985031509297,2.111921988388449,1.2015735015051483,11.893826714424687,1.734431701563656,0.5647240438026362
437,3.4764822424878465,0.569979330382318,1.46909277888461,3.6467194438451487,0.5533387149273161,1.5985200895770286
444,5.7421470374994215,0.9767775427830632,0.8573154950806998,8.85509729099953,1.8997302675621324,0.9402195690411332
464,8.262868475821332,1.4439018202040037,2.1608450702060615,9.728889224431805,1.6882572398917919,2.0620043513470296
465,8.67031294923774,2.8028362738466104,1.1491729435649258,12.270856845431615,0.9816012796662132,0.2871107962599133
467,3.9123398762122927,0.900232530946055,0.8667830783426393,4.296870416211838,0.6921239760653304,1.294977636574428
486,7.844670678025502,2.0795234194188295,1.9698502201203967,9.331447607869958,1.6403136526857462,2.2411389643354536
490,4.7396441001583165,1.276786960412141,2.716142329934767,11.87752908780705,1.6604772222328723,0.526495640284157
492,6.510142100391692,0.3437134368934682,0.6234191289196884,11.112691953776984,2.0293145868821565,0.8940451463558521
493,5.364407865267111,0.9692715475391065,1.228622154144138,12.307697178374053,0.7323866894005793,0.20952261807410544
498,10.704256245785238,1.3150051285610207,0.791884774758314,11.627752115230612,0.8104674842921753,0.7138342908045594
502,4.422230105585421,1.4940593572296543,3.9572863831734955,12.294658550887096,0.8975902837225274,0.23722188443900905
511,5.17691596924153,1.2545875762897611,2.2869400063292575,8.402832924888788,1.8910533886489338,2.3591630283005944
514,12.167899428199007,0.6265232654241952,0.2561466168177269,12.426066717777386,0.21557774813427777,0.09294858172425435
536,5.157326832611247,1.0833737167380972,2.8927577699923646,11.901426323989893,2.007078566987726,0.5470651903406765
537,9.094454570354147,2.27308486351782,2.0331459064300095,12.133504016064064,1.290433567518015,0.33557618193669825
570,3.8183614369548176,0.855912405738497,1.4791621876657137,11.997819037812961,1.385927744643908,0.45760647642849506
585,2.669544480614981,1.128742686071707,3.3813288643817447,11.541457884863943,1.556132751321984,0.7387153649411307
588,7.008524299549529,1.4065569441807098,1.4317449320969429,7.954129749366621,1.2780181914710154,2.8362967037265117
595,2.200876572199252,0.7127426950155216,2.1229958616615687,5.267426162685897,0.9513014660020653,0.8552470577106952
601,0.8133146683270858,0.5187105206770646,2.639353625820078,11.2705069764334,2.1589169194012126,0.3818485301970238
602,7.025411644839774,1.4600508642721808,1.356722019363974,7.606457238497824,1.2131773843541165,1.9659674820321298
604,8.917914827259173,1.0253406618721446,1.3605074258375698,12.211553661974392,0.7926843361211979,0.2933801900324724
612,6.938610519533212,0.9343768254848221,1.6036489436854158,11.613480079979034,2.6109773031473864,0.7757635043108344
615,10.137868525275326,0.751725636466487,0.7439574865580063,10.462805374375822,0.6621423848808394,1.1062660612253197
616,3.137643491861396,1.0245500576997828,2.4478201202402907,9.118303137581973,2.6878113418029663,2.3624782415449808
619,4.9154314744992345,0.35726187442669133,1.2444401506116352,5.9120765158020925,0.48173329234907936,1.598944152720244
621,8.80187297877577,3.006502367384771,1.928608843806213,11.761637044939496,1.760684939778809,0.6083907240706985
623,5.259773726617296,1.0629674081666574,2.8124287205749043,7.150887089208345,2.46754382369894,3.436625024074152
629,11.59112997350991,1.1734278552680184,0.6655007337511059,12.302130862233565,0.6641510963992729,0.16680423447385806
647,7.74464098283939,1.4690623380076557,2.645193256678657,12.273920170708086,0.6786368399297515,0.2527060068008815
652,7.1050812290018674,1.0001880505509044,2.6239131417895036,7.950687941897105,1.1350095744525017,3.344047666331033
659,5.152095503590104,1.7631044171969306,2.2722679816668476,9.81464018028963,1.9522867078897077,1.8407194102195614
665,6.482374938230932,1.7059525175077148,2.81867044024911,8.290590457115211,1.632167580899896,2.1606185822685173
666,5.916608503040152,1.8857033135719137,4.174375348553461,12.126751735651247,0.7956660475998447,0.300627477974702
668,2.301247592512162,0.881871793649498,1.9034260848455915,12.225483808098096,0.6914260927758153,0.26386733218204483
672,6.073574574634817,1.2066831196220287,2.674630506908512,7.145114517207393,1.842955353309601,3.9368700163865924
673,6.669040025518355,1.8926794046414006,2.5882801651025806,11.625512354777022,1.1259555406463004,0.5235294934860253
674,5.722902520563444,3.5181330535851387,3.4585019398242984,11.851978445804553,1.7740788708581654,0.6669048321202418
676,3.3792932930637836,0.5545149819625683,3.286985009962752,3.9175058532013916,0.886461363790016,4.24899497440953
678,10.219713036705395,0.7551599992352234,1.1219011271751391,12.069726184865672,0.8829159980439609,0.4202109841310122
679,11.170362628360651,1.2278752302542824,0.7896505158116778,11.95076027585102,0.9386566860684873,0.4986298078506497
686,5.455002641746809,1.184071809400411,2.593164305211623,6.355826978098197,1.7125051531154805,4.055991917132191
688,7.532267054334334,1.4326804811642324,1.401960585528566,8.554334755053837,1.1031966156543058,1.9079234740632103
691,6.4273137619283895,1.2403346614250523,2.750950558795533,11.665989149929214,2.1200342834484225,0.6717521721529511
696,4.801645270724196,0.8282664259580037,3.0136251699035306,5.509934123504297,1.4296474528300243,3.0700976944609595
700,5.871474058803463,1.252762931978923,1.7966983230771651,7.151612572492477,0.9141339166888205,2.127913480800885
701,11.85970751349603,1.0431112132916667,0.5765177088560751,12.412836837964656,0.3664340463961828,0.12842722116933913
704,1.628081126884146,0.4492337209579702,1.1837774419285203,1.9070006410246239,0.629807990659838,1.1863064188272865
705,7.780147299511548,1.4494457404639531,1.9597593031756757,8.540764001451695,1.133489884362941,1.9109424622145053
709,5.86871450317674,0.6724191752980957,2.268216616728205,12.183827620584772,0.9044887644254906,0.28060388863247
710,7.477296873744404,1.388655917986089,1.3725648074255492,12.02332874355487,1.6934621585011023,0.4393978206666649
712,7.3425610933047105,1.1706966375298018,1.61267067064687,11.837668954676287,1.891771050918674,0.5944164723034628
715,7.41733943987966,0.6643759853191735,2.0149459325715995,11.129994345908475,2.141830369989682,0.9347141182929377
722,3.8180794234689075,0.7190758024831521,0.8620913758299831,12.23764677745528,0.7192480837256099,0.2509398146573947
738,11.84516532094022,0.9545080299645967,0.43058729703086485,12.394412710988261,0.28056517177337703,0.1275651759055929
744,1.1526137246874353,0.21872776596447407,0.8948724924712261,1.6478266415152416,0.36947544496339635,1.3596235156704188
745,3.471109158050293,2.218395798645702,2.677947531805091,8.68062215515217,2.602616037693064,2.3031500696518403
747,5.363650215009897,0.9840672282866549,1.3220835964072526,5.8606855278915155,0.6773501140286768,1.5445507268601357
750,10.005137861697223,1.421998353589645,1.338441365201673,12.052745978160536,1.4128772184335983,0.3300266655020909
755,7.58004026828155,1.4713354716332798,0.8178028916005555,8.308300009631935,1.030016091651781,2.2851708645509863
758,4.674511638313426,1.1394560141252534,2.66806432942328,10.784365466896622,1.436392304650127,1.379177290134539
759,0.590463299397539,0.2647395374759233,0.9203427190658425,0.7905464989914914,0.3921325208585798,1.4901867720542434
762,4.574946364914904,0.7242975138282821,1.0811352547249706,11.651209657263147,1.7980390161559168,0.597396946024265
763,7.75982719610931,0.8622758825663768,2.388309021914843,12.016522264565936,1.124241129692578,0.39550148493567683
764,9.327419755652402,1.2504958392731922,1.7526250384654265,11.949375408543686,1.2075852305789816,0.4073500454724943
768,5.669293298822041,1.8034541422808466,3.8917622040633617,7.724467416939264,2.773948373451141,3.6255593969465405
777,10.532934616925855,1.0268119754887568,1.1362663996282354,12.174354208579949,0.7969341010035293,0.22236507861560995
782,5.5266024787829435,1.4217016519993892,3.066472268009334,7.745717814109062,2.193987052144341,3.4807010870396358
796,5.08028290244286,1.5159039178440281,1.717989261370537,7.47658316001203,1.5514242949115644,2.410737164342221
808,8.059231301595206,1.3251016469161625,2.0290738788675657,11.68197940640425,1.8661308497965603,0.7087818632859193
814,7.905315213405637,2.2401857841488164,1.5916556239452193,12.099938489060582,0.9966631501162571,0.3523472616008476
817,7.546681882508045,1.3166273353894216,1.9460568343858586,10.388201686063965,1.7180573549973737,1.1401613082786461
818,8.201314748454578,1.5323136534902773,1.9086538688824852,11.511993404053849,1.723570765501016,0.7110591385827245
836,2.864382346943842,0.8776124094300355,1.9608192119528165,4.455976901779975,1.2263416760347732,2.3494948262930357
849,4.72348435348703,0.7313540930660203,1.4242356941572956,12.445625337999148,0.42185052840387094,0.08692377516392824
850,9.695511726929045,0.4343450952931711,1.3830347895984278,10.505611788131368,1.0115260914756483,1.5188486194437765
855,7.722360370153605,1.4791786298456655,1.5955197357249267,9.199859607340459,1.4039499648869231,2.327271247462468
857,11.086939842951464,1.248141213914911,0.5509577990498613,11.292547116124107,0.9963655532303513,0.8350786556977585
858,5.020171928065943,1.4866326754664403,1.5102310768714204,12.059894813266228,0.7101437395905617,0.3667132215324198
861,4.861497622378733,1.3020700655165927,2.3382688582714852,12.24415962469749,0.9715648259985485,0.27760253892109965
867,10.256287067137563,1.9033999435197035,1.04003045580453,11.398083668945889,0.9708273318002458,0.9333621469813362
874,7.790348089284104,1.0063438897436328,0.7456695036983172,7.986562647444581,0.4732013611737935,1.29546600076789
915,9.241059791412145,1.2407872699170692,1.3290627537910247,12.103665683766549,1.2969503651164587,0.3813776786831298
935,10.387671277004591,1.1997801087507067,0.9998378436517346,12.183267387721308,0.8767465123913176,0.2876834981376284
941,6.9703014871544555,1.3448285686393104,4.149806718898039,12.225698440161072,0.7652551022608307,0.25622746955939135
954,9.336000787005453,1.6251145076769387,2.2393017443762417,12.0945850795345,0.8483244852916698,0.3563154955531065
449,5.1178035716608665,1.0820287846060115,2.7746125609629884,6.256757334767347,1.4457753616954392,4.234978508546874
902,5.243170895141773,0.9830580677734195,1.5505796119832054,12.089980378251603,2.2933774705078243,0.48175773890984175
