nspec,timesc,err_lo,err_hi,t99,err_lo_t99,err_hi_t99,m_star,err_lo_m,err_hi_m
5,2.344326266677956,1.579516234572142,3.076020946863202,6.501546999224899,1.1398909807624245,2.8334971329766754,6.501546999224899,1.1398909807624245,2.8334971329766754
6,0.27286799343906054,0.24668137598400186,0.7586752691702969,11.747163909251006,1.3522265575041281,0.536400113160008,11.747163909251006,1.3522265575041281,0.536400113160008
8,2.182234947472063,1.8559604950886897,2.2565940339244257,12.14648331494857,1.375602790761917,0.38488781538700145,12.14648331494857,1.375602790761917,0.38488781538700145
11,5.820657337362245,4.672556755686302,1.532756837767196,11.948348726676542,1.1523616685557734,0.5399566975682824,11.948348726676542,1.1523616685557734,0.5399566975682824
16,1.1584588218180656,0.8760836637075347,0.6486296256796305,12.403793152971446,0.6298501416516018,0.14358465410235333,12.403793152971446,0.6298501416516018,0.14358465410235333
17,1.3198270989412941,0.7044335600283167,1.6566800829225106,11.227316380479575,1.265619231419306,0.6949273318865501,11.227316380479575,1.265619231419306,0.6949273318865501
24,2.257064606041638,1.6477929869403063,1.8531833676309972,12.191899383038962,1.163336328332937,0.2836931632544122,12.191899383038962,1.163336328332937,0.2836931632544122
26,6.650740674919821,4.651229162258187,1.2621421041621987,10.709323857023518,3.2354004033889554,0.9894287756868199,10.709323857023518,3.2354004033889554,0.9894287756868199
27,0.8071034277806337,0.6391919460549698,1.3514650971625746,10.60326127606185,1.3469559080134523,1.330068747589742,10.60326127606185,1.3469559080134523,1.330068747589742
28,0.9977622325083653,0.8683294737417513,1.8729009451064336,4.316902042725618,1.2590342828263257,2.981719187174482,4.316902042725618,1.2590342828263257,2.981719187174482
29,0.3767491334182571,0.32427716222818015,0.9965051574396657,3.358985743503273,0.7452708086084754,2.064051365793966,3.358985743503273,0.7452708086084754,2.064051365793966
30,2.0846772391647033,1.2379729435692202,1.7518568178866412,10.955874926505764,0.9073968171331916,1.1345893986636568,10.955874926505764,0.9073968171331916,1.1345893986636568
35,4.464779565147731,3.4848444480129945,1.1895563323451253,12.143500927799561,1.5675324116442884,0.376019922493688,12.143500927799561,1.5675324116442884,0.376019922493688
37,4.298805548133959,1.6577845569463836,0.6242769803593724,12.138460571562963,0.7388006974049137,0.3437594897869136,12.138460571562963,0.7388006974049137,0.3437594897869136
41,3.9797328499110014,2.1268293138209655,0.8847345072426815,12.145567899631107,1.0406546117905364,0.34260918424947917,12.145567899631107,1.0406546117905364,0.34260918424947917
47,7.348189784499061,2.3180244567690362,0.7198424576253242,12.224692559524522,1.1224437948314865,0.26861876774087,12.224692559524522,1.1224437948314865,0.26861876774087
48,7.51450884869597,4.745631013140125,2.049546714738904,11.773311748801376,1.765030299349755,0.6062188053445006,11.773311748801376,1.765030299349755,0.6062188053445006
49,1.69096340095901,1.337925142520401,1.2060508127992478,11.932589852455328,1.3057605099249514,0.4458836777360293,11.932589852455328,1.3057605099249514,0.4458836777360293
51,3.1452583451057397,2.6142478042753865,1.3854012221791212,11.989747796189622,1.3908037518190888,0.5110762624673271,11.989747796189622,1.3908037518190888,0.5110762624673271
55,0.9313074341905567,0.7004349660940292,1.5705753394314117,7.144039678439861,0.6053486464638445,2.4554564947085575,7.144039678439861,0.6053486464638445,2.4554564947085575
58,2.580165081701834,1.882693930492234,1.6825133829365484,12.170932403969463,0.8651373388696939,0.3170210884729485,12.170932403969463,0.8651373388696939,0.3170210884729485
59,1.554806498815931,1.269056186345666,2.0891083189230892,9.730043828156333,2.401786476976442,2.5239788991872842,9.730043828156333,2.401786476976442,2.5239788991872842
64,1.5120408448309917,1.2303724423395108,1.0666517780984552,11.918175111190287,1.8749172524418167,0.520198336675934,11.918175111190287,1.8749172524418167,0.520198336675934
65,1.1520153694938582,0.7952210367149082,2.327120138403316,8.17531730663628,1.6743422403142239,3.39497095776448,8.17531730663628,1.6743422403142239,3.39497095776448
71,3.5444231796788817,2.7767731959420408,2.0712599895603745,7.405628535558379,1.5413824110738936,3.040036146875056,7.405628535558379,1.5413824110738936,3.040036146875056
75,3.698343993735927,2.0603541233798266,0.8851828176281726,12.139631189608066,1.1277330591094241,0.32168126517309936,12.139631189608066,1.1277330591094241,0.32168126517309936
77,0.33456612433984567,0.2823544128774804,0.9145205827303169,7.524200763509396,1.2500406499401935,3.0385790281600213,7.524200763509396,1.2500406499401935,3.0385790281600213
80,4.329777652654329,2.6348036755613373,1.7665284942188162,11.944564230165398,1.2372463158544775,0.48524950524680044,11.944564230165398,1.2372463158544775,0.48524950524680044
81,5.983136345876279,4.545667450439311,2.0691638597432043,11.650901305153353,2.494438703107699,0.7941216285953558,11.650901305153353,2.494438703107699,0.7941216285953558
85,6.931991683122593,4.873965341274596,1.3029377913533207,12.238080572076939,1.2048588006422705,0.2616498007486481,12.238080572076939,1.2048588006422705,0.2616498007486481
92,0.8879571772502934,0.718814220387707,1.8631392730047935,11.571391108677005,1.5821540070969107,0.6220174385242689,11.571391108677005,1.5821540070969107,0.6220174385242689
93,5.487736812032783,2.6499152381230173,1.4430994166418856,12.188205505060347,1.2833319688590183,0.33744236149286877,12.188205505060347,1.2833319688590183,0.33744236149286877
94,3.6686806541189334,2.986045919350424,1.9354135199796136,11.114281226897251,1.4417246605953373,1.011154006509118,11.114281226897251,1.4417246605953373,1.011154006509118
95,0.8018825338186555,0.6801753453481845,1.0792733690951548,5.568399978837053,1.078418242696829,4.217250416029963,5.568399978837053,1.078418242696829,4.217250416029963
107,0.9305292959629412,0.6812344871079112,1.993690578865932,11.290817473846353,1.3906456837479535,0.8799201924034961,11.290817473846353,1.3906456837479535,0.8799201924034961
109,1.1863394613282319,0.8616694966003093,3.044819421398298,11.4148617615584,1.3408319283120438,0.8775430040622787,11.4148617615584,1.3408319283120438,0.8775430040622787
131,6.902250320965856,4.641387722541876,1.2969208833412695,12.225718347449119,2.614845373526327,0.25618806596103383,12.225718347449119,2.614845373526327,0.25618806596103383
133,6.525228829126751,3.3340390126812522,1.490275216548203,11.499447708996193,2.652187754169878,0.954433389254838,11.499447708996193,2.652187754169878,0.954433389254838
135,1.21395365311556,0.8395680268570445,1.12837890802734,12.286633029581997,0.5589640750358793,0.23216193224622295,12.286633029581997,0.5589640750358793,0.23216193224622295
143,6.540887591126921,2.953876243110333,1.5385453369846207,11.573451614059026,1.5831924627594933,0.6136174376818495,11.573451614059026,1.5831924627594933,0.6136174376818495
146,6.336523036956535,2.929417271230399,1.3560751837587866,12.02046304861561,1.826691121923929,0.48887434715641476,12.02046304861561,1.826691121923929,0.48887434715641476
147,5.8243728505519154,3.401261589667971,1.9386478277664434,11.6968005812177,1.5119629133369,0.6337518033230598,11.6968005812177,1.5119629133369,0.6337518033230598
174,0.3659697939123028,0.27957369514387875,1.5840640656452019,4.824011650620768,0.5133290735769096,1.68936416621173,4.824011650620768,0.5133290735769096,1.68936416621173
193,4.135579474671149,3.1101033110832375,0.9466345907152904,12.057549113563198,1.4142516256607216,0.4326153946386775,12.057549113563198,1.4142516256607216,0.4326153946386775
195,1.084872069394959,0.7841474719045385,1.9633402413790657,7.881050740542687,0.8005484234301639,1.9347864365911587,7.881050740542687,0.8005484234301639,1.9347864365911587
196,0.7641518106991585,0.5784798238422084,1.5082636073162456,8.397597252532208,1.3613297214012041,1.8250721602443676,8.397597252532208,1.3613297214012041,1.8250721602443676
197,2.669900214705775,1.5057456536947535,3.64892669737155,8.298485819123373,2.9368178610969853,3.358933757839514,8.298485819123373,2.9368178610969853,3.358933757839514
202,1.1906957733398118,0.8199823934640451,1.6471109320695858,5.2447969741681355,0.8389758236191298,1.78755874528286,5.2447969741681355,0.8389758236191298,1.78755874528286
206,0.8213943056732491,0.6525967710166158,1.4715744807449225,8.908516381987491,1.2768082559980654,2.8829991535402772,8.908516381987491,1.2768082559980654,2.8829991535402772
213,4.573642034690498,3.6925748945059853,2.0804317517718003,10.957965529256223,1.2357338092968035,1.215438292779945,10.957965529256223,1.2357338092968035,1.215438292779945
214,5.115668387155618,1.7524868596243066,1.6385447442635712,6.70399724305199,1.0261243116906265,3.006747273826253,6.70399724305199,1.0261243116906265,3.006747273826253
216,7.139774721515073,2.548925682772495,1.1602787878659644,11.400229267187706,0.8402903690543031,0.9526012934309023,11.400229267187706,0.8402903690543031,0.9526012934309023
217,0.39583213367131664,0.334006051428942,0.9811265124968069,3.9713321094057847,0.6611105523200616,2.4084967506946113,3.9713321094057847,0.6611105523200616,2.4084967506946113
219,0.9424361913320012,0.7523363630746789,1.2514104601548612,4.199843380501602,1.0335023485486179,3.1533975444954985,4.199843380501602,1.0335023485486179,3.1533975444954985
222,2.0310909222203097,1.6327441779813547,1.9681356912374595,12.312046771136526,0.6607986873099332,0.19546357296695938,12.312046771136526,0.6607986873099332,0.19546357296695938
224,4.516308598479252,2.905013601664983,1.9367550679202061,12.049452258016288,1.415388864799537,0.411752009668227,12.049452258016288,1.415388864799537,0.411752009668227
229,0.8382380110063172,0.6222880151856165,2.357405186761255,5.934214950600509,1.113878816012873,2.2719246429671465,5.934214950600509,1.113878816012873,2.2719246429671465
234,4.234455354311239,3.0355590207258665,1.0559002632883692,11.699550811504038,1.0643348693934573,0.6072108334281197,11.699550811504038,1.0643348693934573,0.6072108334281197
235,0.9475618838896853,0.6882275136679175,2.119357453934222,6.21284570731879,1.125687951002746,3.5071155585731315,6.21284570731879,1.125687951002746,3.5071155585731315
236,7.7417238450546435,3.2600849283487614,1.401391518545024,11.448390180152611,1.1144019334352606,0.8670291888027499,11.448390180152611,1.1144019334352606,0.8670291888027499
237,2.370753714687238,1.5706932394458466,0.9682529805996394,5.641648950604612,1.3219893077503846,1.3217422718695353,5.641648950604612,1.3219893077503846,1.3217422718695353
238,6.225904753104699,2.422838962796038,0.8270042056810842,12.080377148177508,0.6308391481804616,0.2865695004421891,12.080377148177508,0.6308391481804616,0.2865695004421891
241,0.8149665580060859,0.6061550745572399,2.060361610706947,5.115357897509853,1.6143466303500351,4.397681595923983,5.115357897509853,1.6143466303500351,4.397681595923983
246,0.6371553740575973,0.4894909862630836,1.5611986211831699,11.128412000629465,1.1476034922104326,1.1451809864008293,11.128412000629465,1.1476034922104326,1.1451809864008293
250,0.5923925707333453,0.4719345980381515,1.1503450788005125,12.327117399306205,0.46052425561760124,0.15184819007245842,12.327117399306205,0.46052425561760124,0.15184819007245842
252,0.5378658482336145,0.4318139899471369,0.722666191554818,6.788805701766066,1.4958088216590202,2.3637418592038326,6.788805701766066,1.4958088216590202,2.3637418592038326
257,3.285055425901483,2.599433046021165,1.0278705774264232,12.205902638781978,0.9580829499976407,0.2745628667250699,12.205902638781978,0.9580829499976407,0.2745628667250699
274,1.231435277231066,0.9379694413733093,2.3221411032454125,7.815024053242738,2.0775636714377956,3.1073296759581384,7.815024053242738,2.0775636714377956,3.1073296759581384
275,5.5881982785114115,4.1309258133305775,2.9164056228528548,11.235589416272564,1.7746888009034087,0.9519654611574904,11.235589416272564,1.7746888009034087,0.9519654611574904
276,2.985765273982297,1.9823169976662784,2.941145313674573,9.412392329079086,3.66772203822656,2.5905485501445114,9.412392329079086,3.66772203822656,2.5905485501445114
287,2.211731993659809,1.855041805577688,2.354415241301286,12.08569940044911,2.2500743965342593,0.39597438181690947,12.08569940044911,2.2500743965342593,0.39597438181690947
296,4.179812235274909,3.124282221845222,1.463614749592467,11.816526828046586,0.9434470926303717,0.5010746877678738,11.816526828046586,0.9434470926303717,0.5010746877678738
305,4.3332332954279495,3.3031609239351107,2.7877994914591238,9.598670732216,2.475403604348215,1.7878297036977635,9.598670732216,2.475403604348215,1.7878297036977635
309,4.349010209039597,2.2666366229908155,1.1320534477897084,12.066525017927246,1.0991545734766213,0.3885296439436008,12.066525017927246,1.0991545734766213,0.3885296439436008
337,11.09046682403807,0.8482827418768188,0.40139309142833923,12.457743404349245,0.20118528701444127,0.06805156470628937,12.457743404349245,0.20118528701444127,0.06805156470628937
344,1.1032627477380874,0.9106260571023306,1.293710964723343,11.991774743802317,1.1667476215882875,0.4443107040763543,11.991774743802317,1.1667476215882875,0.4443107040763543
354,1.377317242987516,1.1145403166122936,1.1490890696716871,9.92711382246597,0.9514165940368446,1.2612598161158903,9.92711382246597,0.9514165940368446,1.2612598161158903
363,4.099902186159626,2.594978041418508,1.2493569593658531,12.061891025475543,1.1522600779584913,0.3971328898944506,12.061891025475543,1.1522600779584913,0.3971328898944506
378,0.221269099392857,0.17567672679918278,0.6712916386268566,7.095520709333812,0.5533365365085832,0.5328825242375927,7.095520709333812,0.5533365365085832,0.5328825242375927
389,4.748068399991352,3.7391951393108123,1.7437954714991601,12.28596653057966,0.6801689048563251,0.21559998342207187,12.28596653057966,0.6801689048563251,0.21559998342207187
390,0.6688332606500693,0.5608047448489955,1.4259086451040415,12.385049657927325,0.7310204578794366,0.1539814090261693,12.385049657927325,0.7310204578794366,0.1539814090261693
392,0.7279941451541969,0.5877938535971179,1.4245566311776385,10.515408356170347,1.9518513381869855,1.502250864317677,10.515408356170347,1.9518513381869855,1.502250864317677
394,2.3364155878102277,1.8820719998677156,1.8900994864204819,12.209379044822219,1.0117716575470865,0.29106123729724764,12.209379044822219,1.0117716575470865,0.29106123729724764
396,4.0457278840565625,3.5121326598326537,3.189324648653077,7.552107053472698,3.0489109386440063,1.2694039380136797,7.552107053472698,3.0489109386440063,1.2694039380136797
397,0.8223146542935957,0.6469896026173083,0.7323441552433554,6.533792008295918,0.7584900524520686,1.2959296955401989,6.533792008295918,0.7584900524520686,1.2959296955401989
399,6.142527863666774,4.063749932060685,1.5587347525723674,11.392115252225457,1.73166893685986,0.7439763790406548,11.392115252225457,1.73166893685986,0.7439763790406548
401,3.023476347687877,1.9163956625333345,1.6531822491950061,10.822539777724145,2.101446655051804,1.2980113322637017,10.822539777724145,2.101446655051804,1.2980113322637017
403,2.9202281382106907,2.43065168888801,1.8158682108884125,10.728113489730358,1.7860098017536288,1.4009547369063675,10.728113489730358,1.7860098017536288,1.4009547369063675
410,2.1217353423497425,1.40757218248317,1.6193297224842178,11.000975725653017,1.6778922413387853,1.1323795137935964,11.000975725653017,1.6778922413387853,1.1323795137935964
430,3.087052470212937,1.7434732233835852,1.6917203867106307,12.463458410641628,0.2613919738038639,0.07020989683712742,12.463458410641628,0.2613919738038639,0.07020989683712742
436,0.9452406733332364,0.7683731628767028,2.0465212737404137,11.893826714424687,1.734431701563656,0.564724043802638,11.893826714424687,1.734431701563656,0.564724043802638
437,0.11997187611658866,0.10785178346734359,0.3107374166835175,3.6467194438451487,0.5533387149273161,1.5985200895770286,3.6467194438451487,0.5533387149273161,1.5985200895770286
444,3.397557213093967,2.5427231044055625,0.7745230699857308,8.85509729099953,1.8997302675621324,0.9402195690411332,8.85509729099953,1.8997302675621324,0.9402195690411332
449,0.9248673823313651,0.7067277638045923,1.5071665730341555,6.256757334767347,1.4457753616954392,4.234978508546874,6.256757334767347,1.4457753616954392,4.234978508546874
464,0.8805747310210732,0.6538807753317979,1.70746774552119,9.728889224431807,1.6882572398917937,2.062004351347028,9.728889224431807,1.6882572398917937,2.062004351347028
465,3.3199483364591877,1.3448044919669044,2.6292905342256248,12.270856845431615,0.9816012796662132,0.2871107962599133,12.270856845431615,0.9816012796662132,0.2871107962599133
467,0.3333161506564868,0.26018953861197325,0.8033617261898045,4.296870416211838,0.6921239760653304,1.294977636574428,4.296870416211838,0.6921239760653304,1.294977636574428
486,1.1883594190258195,0.8979400773086637,1.9643402657078175,9.331447607869958,1.6403136526857462,2.2411389643354536,9.331447607869958,1.6403136526857462,2.2411389643354536
490,6.2164011097149885,2.764112359442935,2.438356056179126,11.87752908780705,1.6604772222328723,0.5264956402841552,11.87752908780705,1.6604772222328723,0.5264956402841552
492,4.597409923961616,2.453851672552088,0.797081229565662,11.112691953776984,2.0293145868821565,0.8940451463558521,11.112691953776984,2.0293145868821565,0.8940451463558521
493,6.768524865941131,1.362486486325631,1.0518332437739346,12.307697178374053,0.7323866894005793,0.20952261807410544,12.307697178374053,0.7323866894005793,0.20952261807410544
498,0.660357281504039,0.5027138359721981,1.637562320273128,11.627752115230612,0.8104674842921753,0.7138342908045594,11.627752115230612,0.8104674842921753,0.7138342908045594
502,7.447153034903357,3.97232518042817,2.0829341328333104,12.294658550887096,0.8975902837225274,0.23722188443900905,12.294658550887096,0.8975902837225274,0.23722188443900905
511,3.1686423272366513,2.682377613335907,2.5287016511137903,8.402832924888788,1.8910533886489338,2.3591630283005944,8.402832924888788,1.8910533886489338,2.3591630283005944
514,0.18219644292016923,0.1487425185863085,0.5229377928697687,12.426066717777386,0.21557774813427777,0.09294858172425435,12.426066717777386,0.21557774813427777,0.09294858172425435
536,6.086280842016294,4.0662813062030265,2.0818919937935627,11.901426323989893,2.007078566987726,0.5470651903406765,11.901426323989893,2.007078566987726,0.5470651903406765
537,2.395840792767695,1.8042265094254404,2.2158830015550013,12.133504016064064,1.290433567518015,0.33557618193669825,12.133504016064064,1.290433567518015,0.33557618193669825
570,7.813653496355334,2.251739436606359,1.2129872264248824,11.997819037812961,1.385927744643908,0.45760647642849506,11.997819037812961,1.385927744643908,0.45760647642849506
585,8.542458965739776,4.055608888118325,1.559457956439715,11.541457884863943,1.556132751321984,0.7387153649411307,11.541457884863943,1.556132751321984,0.7387153649411307
588,0.6284659276419777,0.5114631096862379,1.879465184641652,7.954129749366621,1.2780181914710154,2.8362967037265117,7.954129749366621,1.2780181914710154,2.8362967037265117
595,2.9309688152143836,2.1795026710630236,0.6548698307573391,5.267426162685897,0.9513014660020653,0.8552470577106952,5.267426162685897,0.9513014660020653,0.8552470577106952
601,10.178891647416524,4.080439938414349,1.131795126452971,11.2705069764334,2.1589169194012126,0.3818485301970238,11.2705069764334,2.1589169194012126,0.3818485301970238
602,0.33059178994768423,0.29222364003369794,1.2135761769025264,7.606457238497824,1.2131773843541165,1.9659674820321031,7.606457238497824,1.2131773843541165,1.9659674820321031
604,3.240757926987177,2.3489871160035243,1.1790339611236638,12.211553661974392,0.7926843361211979,0.2933801900324724,12.211553661974392,0.7926843361211979,0.2933801900324724
612,4.102814632047695,3.2320999941866075,1.7889125503340342,11.613480079979034,2.6109773031473864,0.7757635043108344,11.613480079979034,2.6109773031473864,0.7757635043108344
615,0.255865366531296,0.22308260225250542,0.8103665624304384,10.462805374375822,0.6621423848808394,1.1062660612253197,10.462805374375822,0.6621423848808394,1.1062660612253197
616,5.966430246595731,4.2444713498276485,1.6884879007311948,9.118303137581973,2.6878113418029663,2.3624782415449808,9.118303137581973,2.6878113418029663,2.3624782415449808
619,0.8455513283736567,0.6088529187650482,1.0108288469860227,5.9120765158020925,0.48173329234907936,1.598944152720244,5.9120765158020925,0.48173329234907936,1.598944152720244
621,2.652042199174325,2.0183627940862703,2.638114934570898,11.761637044939496,1.760684939778809,0.6083907240706985,11.761637044939496,1.760684939778809,0.6083907240706985
623,0.8686030233122519,0.7793043268603581,2.712258711958137,7.150887089208345,2.46754382369894,3.436625024074152,7.150887089208345,2.46754382369894,3.436625024074152
629,0.462351967164971,0.37488352833182575,0.8400940268942201,12.302130862233565,0.6641510963992729,0.16680423447385806,12.302130862233565,0.6641510963992729,0.16680423447385806
647,4.296943418416193,3.071896597748566,1.68423223110603,12.273920170708086,0.6786368399297515,0.2527060068008815,12.273920170708086,0.6786368399297515,0.2527060068008815
652,0.7854904295348826,0.6471154008042488,1.250852958574737,7.950687941897105,1.1350095744525017,3.344047666331033,7.950687941897105,1.1350095744525017,3.344047666331033
659,3.7723370110096237,2.6990324215665193,4.261326311062652,9.814640180289635,1.952286707889713,1.840719410219556,9.814640180289635,1.952286707889713,1.840719410219556
665,1.371193781874938,1.1260769039841714,1.548868089485647,8.290590457115211,1.632167580899896,2.1606185822685173,8.290590457115211,1.632167580899896,2.1606185822685173
666,6.105851377089659,4.573094362793474,2.0335454178852475,12.126751735651247,0.7956660475998447,0.300627477974702,12.126751735651247,0.7956660475998447,0.300627477974702
668,9.714418451342212,2.0961943561926066,1.1898405479275596,12.225483808098096,0.6914260927758153,0.26386733218204483,12.225483808098096,0.6914260927758153,0.26386733218204483
672,0.5366502725987097,0.44230397809449506,1.3146430167954293,7.145114517207393,1.842955353309601,3.9368700163865924,7.145114517207393,1.842955353309601,3.9368700163865924
673,4.800783511390332,3.3792159990052957,1.7860747366097591,11.625512354777022,1.1259555406463004,0.5235294934860253,11.625512354777022,1.1259555406463004,0.5235294934860253
674,5.327485011563589,4.353762259199383,4.950065881647957,11.851978445804553,1.77407887085816,0.6669048321202418,11.851978445804553,1.77407887085816,0.6669048321202418
676,0.20951568477432758,0.19241771396564733,1.260240102545584,3.9175058532013916,0.886461363790016,4.24899497440953,3.9175058532013916,0.886461363790016,4.24899497440953
678,1.6217175627605016,1.3659275401408522,1.118261895787592,12.069726184865672,0.8829159980439609,0.4202109841310122,12.069726184865672,0.8829159980439609,0.4202109841310122
679,0.38804171972134666,0.3150701385539845,1.267188560782195,11.95076027585102,0.9386566860684873,0.4986298078506497,11.95076027585102,0.9386566860684873,0.4986298078506497
686,0.5433941177962485,0.4529655358908604,1.601843937341644,6.355826978098197,1.7125051531154805,4.055991917132191,6.355826978098197,1.7125051531154805,4.055991917132191
688,0.7444591515677965,0.6544280936888951,1.7291272829263447,8.554334755053837,1.1031966156543058,1.9079234740632103,8.554334755053837,1.1031966156543058,1.9079234740632103
691,4.412689362993725,3.4206613139866553,2.177707287277121,11.665989149929214,2.1200342834484225,0.6717521721529511,11.665989149929214,2.1200342834484225,0.6717521721529511
696,0.23628550514281788,0.20261083607697916,1.0864405203993117,5.509934123504297,1.4296474528300243,3.0700976944609595,5.509934123504297,1.4296474528300243,3.0700976944609595
700,1.216414195502697,0.9565569031004415,1.1899386665363405,7.151612572492477,0.9141339166888205,2.1279134808010003,7.151612572492477,0.9141339166888205,2.1279134808010003
701,0.39219961883599197,0.360024327628528,0.7454282242731534,12.412836837964656,0.3664340463961828,0.12842722116933913,12.412836837964656,0.3664340463961828,0.12842722116933913
704,0.09698268656835562,0.08185984939666513,0.31636660502214164,1.9070006410246239,0.629807990659838,1.1863064188272865,1.9070006410246239,0.629807990659838,1.1863064188272865
705,0.5362784205322297,0.40040925891783363,1.09421347378699,8.540764001451695,1.133489884362941,1.9109424622145053,8.540764001451695,1.133489884362941,1.9109424622145053
709,6.231681898309193,3.280694827680774,0.771655939679464,12.183827620584772,0.9044887644254906,0.28060388863247,12.183827620584772,0.9044887644254906,0.28060388863247
710,4.24164411451701,2.532006857560466,1.6828236964747552,12.02332874355487,1.6934621585011023,0.4393978206666649,12.02332874355487,1.6934621585011023,0.4393978206666649
712,3.9215565978102696,2.6935071755919218,2.1831527032316345,11.837668954676287,1.891771050918674,0.5944164723034628,11.837668954676287,1.891771050918674,0.5944164723034628
715,2.9061850781778027,2.271016795369734,1.8188931959444936,11.129994345908475,2.141830369989682,0.9347141182929377,11.129994345908475,2.141830369989682,0.9347141182929377
722,8.330116568334192,1.3643713909026918,0.5980704163442265,12.23764677745528,0.7192480837256099,0.2509398146573947,12.23764677745528,0.7192480837256099,0.2509398146573947
738,0.3926434525132212,0.32012179086915715,1.052052599609917,12.394412710988261,0.28056517177337703,0.1275651759055929,12.394412710988261,0.28056517177337703,0.1275651759055929
744,0.41254049058404574,0.3369474758848312,0.566237544110836,1.6478266415152416,0.36947544496339635,1.3596235156704188,1.6478266415152416,0.36947544496339635,1.3596235156704188
745,4.921577526241512,3.5642700187421994,2.8355496285783612,8.68062215515217,2.602616037693065,2.3031500696518172,8.68062215515217,2.602616037693065,2.3031500696518172
755,0.6859204949935815,0.5729587028457287,1.8852247128195607,8.308300009631935,1.030016091651781,2.2851708645509863,8.308300009631935,1.030016091651781,2.2851708645509863
758,5.977395427215161,3.748816537192522,1.5660377825115201,10.784365466896622,1.436392304650127,1.379177290134539,10.784365466896622,1.436392304650127,1.379177290134539
759,0.14578676557294568,0.12441999313357693,0.5113784414892173,0.7905464989914914,0.3921325208585798,1.4901867720542434,0.7905464989914914,0.3921325208585798,1.4901867720542434
762,6.975403596328927,2.328734439344018,0.8302846713982754,11.651209657263147,1.7980390161559168,0.597396946024265,11.651209657263147,1.7980390161559168,0.597396946024265
763,4.063117791677331,3.284608910194465,1.304750100410903,12.016522264565936,1.124241129692578,0.39550148493567683,12.016522264565936,1.124241129692578,0.39550148493567683
764,2.123612073029671,1.7333462697742608,1.6919657368379575,11.949375408543686,1.2075852305789816,0.4073500454724943,11.949375408543686,1.2075852305789816,0.4073500454724943
768,1.238546325857092,0.9521139787210737,1.9295217312283661,7.724467416939264,2.773948373451141,3.6255593969465405,7.724467416939264,2.773948373451141,3.6255593969465405
796,1.9431947731497876,1.3940143881813645,2.9657654624840752,7.47658316001203,1.5514242949115644,2.410737164342221,7.47658316001203,1.5514242949115644,2.410737164342221
808,2.9515800398108976,2.375848443794304,1.7927246220703372,11.68197940640425,1.8661308497965603,0.7087818632859193,11.68197940640425,1.8661308497965603,0.7087818632859193
814,3.9006886195328203,1.60556298805116,1.9706024146658478,12.099938489060582,0.9966631501162571,0.3523472616008476,12.099938489060582,0.9966631501162571,0.3523472616008476
817,2.485849731005646,2.0809788699722374,1.8971346693839672,10.388201686063965,1.7180573549973737,1.1401613082786461,10.388201686063965,1.7180573549973737,1.1401613082786461
818,2.843202957486673,2.261694757883287,1.705254483754386,11.511993404053849,1.723570765501016,0.7110591385827245,11.511993404053849,1.723570765501016,0.7110591385827245
836,1.278216510452686,1.053668927788753,1.6354910778074165,4.455976901779975,1.2263416760347732,2.3494948262930357,4.455976901779975,1.2263416760347732,2.3494948262930357
849,7.653425072769004,2.0150985086801914,0.607954007182741,12.445625337999148,0.42185052840387094,0.08692377516392824,12.445625337999148,0.42185052840387094,0.08692377516392824
850,0.3946444618417928,0.34008505621923785,1.0234538097146597,10.505611788131368,1.0115260914756483,1.5188486194437765,10.505611788131368,1.0115260914756483,1.5188486194437765
855,1.1774417175619911,0.9510085100077967,1.958085512415944,9.199859607340459,1.4039499648869231,2.327271247462468,9.199859607340459,1.4039499648869231,2.327271247462468
857,0.19335505678185427,0.17001250092353715,0.4951214781247284,11.292547116124107,0.9963655532303513,0.8350786556977567,11.292547116124107,0.9963655532303513,0.8350786556977567
858,6.9822812928238385,1.5470039075528668,1.1770888852619912,12.059894813266228,0.7101437395905617,0.3667132215324198,12.059894813266228,0.7101437395905617,0.3667132215324198
861,7.274224121039338,3.2320237888682035,1.1189332988990524,12.24415962469749,0.9715648259985485,0.27760253892109965,12.24415962469749,0.9715648259985485,0.27760253892109965
867,0.7118785166510673,0.5996715040301623,2.768657905821046,11.398083668945889,0.9708273318002458,0.9333621469813362,11.398083668945889,0.9708273318002458,0.9333621469813362
874,0.23006039223734476,0.21042505166685377,1.1039350286285625,7.986562647444581,0.4732013611737935,1.29546600076789,7.986562647444581,0.4732013611737935,1.29546600076789
902,6.593719006376967,3.3894516337202294,1.607201492075058,12.089980378251603,2.2933774705078243,0.48175773890984175,12.089980378251603,2.2933774705078243,0.48175773890984175
915,2.4802896841745223,1.5757261750953466,1.2030953974588279,12.103665683766549,1.2969503651164587,0.3813776786831298,12.103665683766549,1.2969503651164587,0.3813776786831298
935,1.4173980414767673,1.1129154167326512,1.581973558100921,12.183267387721308,0.8767465123913176,0.2876834981376284,12.183267387721308,0.8767465123913176,0.2876834981376284
941,4.936218319428442,4.109264597927903,1.504419614855565,12.225698440161072,0.7652551022608307,0.25622746955939135,12.225698440161072,0.7652551022608307,0.25622746955939135
954,2.0673473513020078,1.7722360066587157,2.4025370240551087,12.0945850795345,0.8483244852916698,0.3563154955531065,12.0945850795345,0.8483244852916698,0.3563154955531065
449,0.9248673823313651,0.7067277638045923,1.5071665730341555,6.256757334767347,1.4457753616954392,4.234978508546874,6.256757334767347,1.4457753616954392,4.234978508546874
902,6.593719006376967,3.3894516337202294,1.607201492075058,12.089980378251603,2.2933774705078243,0.48175773890984175,12.089980378251603,2.2933774705078243,0.48175773890984175
